,Id Resultado,Id Competidor,Nome Competidor,Id Competição,Classe Vela,Pontuação Regata,Flotilha,Posição Geral,Punição,Pontuação Total,Nett,Nome Competição
0,,,Sofia TOMASONI,,Formula Kite Fem.,4.0,G,19,,195.6,121.6,World Championship 2023
1,,,Daniela MOROZ,,Formula Kite Fem.,1.0,G,5,,118.0,52.0,World Championship 2023
2,,,Madeleine ANDERSON,,Formula Kite Fem.,6.0,G,9,,129.0,83.0,World Championship 2023
3,,,Gal ZUKERMAN,,Formula Kite Fem.,13.0,G,13,,159.1,102.1,World Championship 2023
4,,,Monika ZIZLAVSKA,,Formula Kite Fem.,28.0,G,48,,389.0,304.0,World Championship 2023
5,,,Elena LENGWILER,,Formula Kite Fem.,3.0,G,23,,217.0,145.0,World Championship 2023
6,,,Mariska WILDENBERG,,Formula Kite Fem.,28.0,G,37,,278.0,194.0,World Championship 2023
7,,,Mareike WEBER,,Formula Kite Fem.,28.0,G,53,,452.0,367.0,World Championship 2023
8,,,Zoe BOUTANG,,Formula Kite Fem.,28.0,G,39,,271.0,202.0,World Championship 2023
9,,,Poema NEWLAND,,Formula Kite Fem.,28.0,G,8,,170.0,86.0,World Championship 2023
10,,,Maggie Eillen PESCETTO,,Formula Kite Fem.,7.0,G,15,,163.0,115.0,World Championship 2023
11,,,Alina KORNELLI,,Formula Kite Fem.,9.0,G,17,,170.0,116.0,World Championship 2023
12,,,Anais Mai DESJARDINS,,Formula Kite Fem.,16.0,G,35,,239.0,172.0,World Championship 2023
13,,,Marie-Eve MAYRAND,,Formula Kite Fem.,28.0,G,45,,334.0,253.0,World Championship 2023
14,,,Lily YOUNG,,Formula Kite Fem.,2.0,G,3,,133.0,49.0,World Championship 2023
15,,,Izabela SATRJAN,,Formula Kite Fem.,28.0,G,27,,170.0,111.0,World Championship 2023
16,,,Lysa CAVAL,,Formula Kite Fem.,8.0,G,22,,195.0,130.0,World Championship 2023
17,,,LI Wan,,Formula Kite Fem.,10.0,G,10,,147.0,91.0,World Championship 2023
18,,,Nina ARCISZ,,Formula Kite Fem.,14.0,G,29,,161.0,119.0,World Championship 2023
19,,,Chloe REVIL,,Formula Kite Fem.,28.0,G,28,,185.0,114.0,World Championship 2023
20,,,Noora RUSKOLA,,Formula Kite Fem.,11.0,G,31,,191.0,139.0,World Championship 2023
21,,,Maria ASHIDA,,Formula Kite Fem.,28.0,G,52,,445.0,360.0,World Championship 2023
22,,,Derin Deniz SORGUC,,Formula Kite Fem.,15.0,G,36,,250.0,176.0,World Championship 2023
23,,,Dominika BRAUNOVA,,Formula Kite Fem.,17.0,G,40,,273.0,211.0,World Championship 2023
24,,,Julie PATURAU,,Formula Kite Fem.,28.0,G,44,,329.0,245.0,World Championship 2023
25,,,CHEN Jingyue,,Formula Kite Fem.,12.0,G,7,,140.0,79.0,World Championship 2023
26,,,Maya ASHKENAZI,,Formula Kite Fem.,5.0,G,12,,142.0,98.0,World Championship 2023
27,,,Izabela SATRJAN,,Formula Kite Fem.,4.0,G,27,,170.0,111.0,World Championship 2023
28,,,Dominika BRAUNOVA,,Formula Kite Fem.,17.0,G,40,,273.0,211.0,World Championship 2023
29,,,Nataliya LESHKO,,Formula Kite Fem.,29.0,G,50,,412.0,327.0,World Championship 2023
30,,,Maria ASHIDA,,Formula Kite Fem.,29.0,G,52,,445.0,360.0,World Championship 2023
31,,,WANG Si,,Formula Kite Fem.,10.0,G,26,,175.0,103.0,World Championship 2023
32,,,Julie PATURAU,,Formula Kite Fem.,14.0,G,44,,329.0,245.0,World Championship 2023
33,,,Maria Do Socorro VASCONCELOS REIS,,Formula Kite Fem.,15.0,G,34,,254.0,170.0,World Championship 2023
34,,,LEE Youngeun,,Formula Kite Fem.,19.0,G,43,,299.0,235.0,World Championship 2023
35,,,Noora RUSKOLA,,Formula Kite Fem.,3.0,G,31,,191.0,139.0,World Championship 2023
36,,,Aija AMBRASA,,Formula Kite Fem.,22.0,G,49,,394.0,310.0,World Championship 2023
37,,,Chloe REVIL,,Formula Kite Fem.,2.0,G,28,,185.0,114.0,World Championship 2023
38,,,Mafalda PIRES de LIMA,,Formula Kite Fem.,5.0,G,33,,219.0,158.0,World Championship 2023
39,,,Marija DOLENC,,Formula Kite Fem.,20.0,G,47,,360.0,276.0,World Championship 2023
40,,,Mariska WILDENBERG,,Formula Kite Fem.,12.0,G,37,,278.0,194.0,World Championship 2023
41,,,Derin ATAKAN,,Formula Kite Fem.,1.0,G,30,,217.0,133.0,World Championship 2023
42,,,Marie-Eve MAYRAND,,Formula Kite Fem.,16.0,G,45,,334.0,253.0,World Championship 2023
43,,,Zoe BOUTANG,,Formula Kite Fem.,11.0,G,39,,271.0,202.0,World Championship 2023
44,,,Emily BUGEJA,,Formula Kite Fem.,21.0,G,46,,355.0,271.0,World Championship 2023
45,,,Benyapa JANTAWAN,,Formula Kite Fem.,18.0,G,38,,268.0,201.0,World Championship 2023
46,,,Monika ZIZLAVSKA,,Formula Kite Fem.,23.0,G,48,,389.0,304.0,World Championship 2023
47,,,Maria Catalina TURIENZO,,Formula Kite Fem.,9.0,G,32,,214.0,139.0,World Championship 2023
48,,,Nina ARCISZ,,Formula Kite Fem.,7.0,G,29,,161.0,119.0,World Championship 2023
49,,,Derin Deniz SORGUC,,Formula Kite Fem.,8.0,G,36,,250.0,176.0,World Championship 2023
50,,,Mareike WEBER,,Formula Kite Fem.,29.0,G,53,,452.0,367.0,World Championship 2023
51,,,Karolina LARSSON,,Formula Kite Fem.,13.0,G,41,,305.0,230.0,World Championship 2023
52,,,KAJIWARA Saki,,Formula Kite Fem.,29.0,G,51,,443.0,358.0,World Championship 2023
53,,,Lizeth LOAIZA,,Formula Kite Fem.,29.0,G,42,,308.0,230.0,World Championship 2023
54,,,Anais Mai DESJARDINS,,Formula Kite Fem.,6.0,G,35,,239.0,172.0,World Championship 2023
55,,,Maria Do Socorro VASCONCELOS REIS,,Formula Kite Fem.,19.0,G,34,,254.0,170.0,World Championship 2023
56,,,Derin ATAKAN,,Formula Kite Fem.,20.0,G,30,,217.0,133.0,World Championship 2023
57,,,Emily BUGEJA,,Formula Kite Fem.,17.0,G,46,,355.0,271.0,World Championship 2023
58,,,Magdalena WOYCIECHOWSKA,,Formula Kite Fem.,11.0,G,20,,168.0,122.0,World Championship 2023
59,,,Lizeth LOAIZA,,Formula Kite Fem.,28.0,G,42,,308.0,230.0,World Championship 2023
60,,,Katie DABSON,,Formula Kite Fem.,1.0,G,4,,137.0,61.0,World Championship 2023
61,,,Alexia FANCELLI,,Formula Kite Fem.,3.0,G,18,,170.0,120.0,World Championship 2023
62,,,Nataliya LESHKO,,Formula Kite Fem.,28.0,G,50,,412.0,327.0,World Championship 2023
63,,,Maria Catalina TURIENZO,,Formula Kite Fem.,9.0,G,32,,214.0,139.0,World Championship 2023
64,,,Karolina LARSSON,,Formula Kite Fem.,15.0,G,41,,305.0,230.0,World Championship 2023
65,,,WANG Si,,Formula Kite Fem.,12.0,G,26,,175.0,103.0,World Championship 2023
66,,,Annelous LAMMERTS,,Formula Kite Fem.,6.0,G,6,,130.0,63.0,World Championship 2023
67,,,Mafalda PIRES de LIMA,,Formula Kite Fem.,16.0,G,33,,219.0,158.0,World Championship 2023
68,,,Marija DOLENC,,Formula Kite Fem.,21.0,G,47,,360.0,276.0,World Championship 2023
69,,,Justina KITCHEN,,Formula Kite Fem.,4.0,G,24,,218.0,152.0,World Championship 2023
70,,,Heloise PEGOURIE,,Formula Kite Fem.,5.0,G,25,,236.0,152.0,World Championship 2023
71,,,Eleanor ALDRIDGE,,Formula Kite Fem.,13.0,G,2,,72.0,24.0,World Championship 2023
72,,,LEE Youngeun,,Formula Kite Fem.,18.0,G,43,,299.0,235.0,World Championship 2023
73,,,Julia DAMASIEWICZ,,Formula Kite Fem.,8.0,G,21,,207.0,130.0,World Championship 2023
74,,,Lauriane NOLOT,,Formula Kite Fem.,7.0,G,1,,57.0,18.0,World Championship 2023
75,,,KAJIWARA Saki,,Formula Kite Fem.,28.0,G,51,,443.0,358.0,World Championship 2023
76,,,Leonie MEYER,,Formula Kite Fem.,2.0,G,14,,158.0,106.0,World Championship 2023
77,,,Benyapa JANTAWAN,,Formula Kite Fem.,15.0,G,38,,268.0,201.0,World Championship 2023
78,,,Breiana WHITEHEAD,,Formula Kite Fem.,10.0,G,11,,145.0,95.0,World Championship 2023
79,,,Gisela PULIDO BORRELL,,Formula Kite Fem.,28.0,G,16,,200.0,116.0,World Championship 2023
80,,,Aija AMBRASA,,Formula Kite Fem.,28.0,G,49,,394.0,310.0,World Championship 2023
81,,,Madeleine ANDERSON,,Formula Kite Fem.,3.0,P,9,,129.0,83.0,World Championship 2023
82,,,Poema NEWLAND,,Formula Kite Fem.,2.0,P,8,,170.0,86.0,World Championship 2023
83,,,Daniela MOROZ,,Formula Kite Fem.,5.0,P,5,,118.0,52.0,World Championship 2023
84,,,Katie DABSON,,Formula Kite Fem.,0.0,P,4,,137.0,61.0,World Championship 2023
85,,,Nataliya LESHKO,,Formula Kite Fem.,18.0,G,50,,412.0,327.0,World Championship 2023
86,,,WANG Si,,Formula Kite Fem.,28.0,G,26,,175.0,103.0,World Championship 2023
87,,,Julie PATURAU,,Formula Kite Fem.,14.0,G,44,,329.0,245.0,World Championship 2023
88,,,Benyapa JANTAWAN,,Formula Kite Fem.,13.0,G,38,,268.0,201.0,World Championship 2023
89,,,Dominika BRAUNOVA,,Formula Kite Fem.,12.0,G,40,,273.0,211.0,World Championship 2023
90,,,Maria Do Socorro VASCONCELOS REIS,,Formula Kite Fem.,28.0,G,34,,254.0,170.0,World Championship 2023
91,,,Chloe REVIL,,Formula Kite Fem.,10.0,G,28,,185.0,114.0,World Championship 2023
92,,,Heloise PEGOURIE,,Formula Kite Fem.,28.0,G,25,,236.0,152.0,World Championship 2023
93,,,Alexia FANCELLI,,Formula Kite Fem.,9.0,G,18,,170.0,120.0,World Championship 2023
94,,,Lysa CAVAL,,Formula Kite Fem.,8.0,G,22,,195.0,130.0,World Championship 2023
95,,,Lily YOUNG,,Formula Kite Fem.,28.0,G,3,,133.0,49.0,World Championship 2023
96,,,Maya ASHKENAZI,,Formula Kite Fem.,5.0,G,12,,142.0,98.0,World Championship 2023
97,,,Alina KORNELLI,,Formula Kite Fem.,7.0,G,17,,170.0,116.0,World Championship 2023
98,,,Madeleine ANDERSON,,Formula Kite Fem.,6.0,G,9,,129.0,83.0,World Championship 2023
99,,,KAJIWARA Saki,,Formula Kite Fem.,28.0,G,51,,443.0,358.0,World Championship 2023
100,,,Derin ATAKAN,,Formula Kite Fem.,28.0,G,30,,217.0,133.0,World Championship 2023
101,,,Maria Catalina TURIENZO,,Formula Kite Fem.,11.0,G,32,,214.0,139.0,World Championship 2023
102,,,CHEN Jingyue,,Formula Kite Fem.,2.0,G,7,,140.0,79.0,World Championship 2023
103,,,Anais Mai DESJARDINS,,Formula Kite Fem.,28.0,G,35,,239.0,172.0,World Championship 2023
104,,,Magdalena WOYCIECHOWSKA,,Formula Kite Fem.,3.0,G,20,,168.0,122.0,World Championship 2023
105,,,Karolina LARSSON,,Formula Kite Fem.,16.0,G,41,,305.0,230.0,World Championship 2023
106,,,Marie-Eve MAYRAND,,Formula Kite Fem.,17.0,G,45,,334.0,253.0,World Championship 2023
107,,,LI Wan,,Formula Kite Fem.,28.0,G,10,,147.0,91.0,World Championship 2023
108,,,Eleanor ALDRIDGE,,Formula Kite Fem.,1.0,G,2,,72.0,24.0,World Championship 2023
109,,,Mariska WILDENBERG,,Formula Kite Fem.,15.0,G,37,,278.0,194.0,World Championship 2023
110,,,Poema NEWLAND,,Formula Kite Fem.,4.0,G,8,,170.0,86.0,World Championship 2023
111,,,Lily YOUNG,,Formula Kite Fem.,28.0,G,3,,133.0,49.0,World Championship 2023
112,,,Daniela MOROZ,,Formula Kite Fem.,5.0,G,5,,118.0,52.0,World Championship 2023
113,,,Annelous LAMMERTS,,Formula Kite Fem.,3.0,G,6,,130.0,63.0,World Championship 2023
114,,,Poema NEWLAND,,Formula Kite Fem.,2.0,G,8,,170.0,86.0,World Championship 2023
115,,,Justina KITCHEN,,Formula Kite Fem.,14.0,G,24,,218.0,152.0,World Championship 2023
116,,,Anais Mai DESJARDINS,,Formula Kite Fem.,19.0,G,35,,239.0,172.0,World Championship 2023
117,,,Emily BUGEJA,,Formula Kite Fem.,22.0,G,46,,355.0,271.0,World Championship 2023
118,,,Mariska WILDENBERG,,Formula Kite Fem.,18.0,G,37,,278.0,194.0,World Championship 2023
119,,,Maya ASHKENAZI,,Formula Kite Fem.,8.0,G,12,,142.0,98.0,World Championship 2023
120,,,Nataliya LESHKO,,Formula Kite Fem.,28.0,G,50,,412.0,327.0,World Championship 2023
121,,,Julia DAMASIEWICZ,,Formula Kite Fem.,6.0,G,21,,207.0,130.0,World Championship 2023
122,,,Chloe REVIL,,Formula Kite Fem.,12.0,G,28,,185.0,114.0,World Championship 2023
123,,,Maria ASHIDA,,Formula Kite Fem.,28.0,G,52,,445.0,360.0,World Championship 2023
124,,,Maria Catalina TURIENZO,,Formula Kite Fem.,17.0,G,32,,214.0,139.0,World Championship 2023
125,,,Zoe BOUTANG,,Formula Kite Fem.,16.0,G,39,,271.0,202.0,World Championship 2023
126,,,Mareike WEBER,,Formula Kite Fem.,28.0,G,53,,452.0,367.0,World Championship 2023
127,,,Alexia FANCELLI,,Formula Kite Fem.,9.0,G,18,,170.0,120.0,World Championship 2023
128,,,Izabela SATRJAN,,Formula Kite Fem.,11.0,G,27,,170.0,111.0,World Championship 2023
129,,,Magdalena WOYCIECHOWSKA,,Formula Kite Fem.,7.0,G,20,,168.0,122.0,World Championship 2023
130,,,Nina ARCISZ,,Formula Kite Fem.,13.0,G,29,,161.0,119.0,World Championship 2023
131,,,Madeleine ANDERSON,,Formula Kite Fem.,4.0,G,9,,129.0,83.0,World Championship 2023
132,,,Derin ATAKAN,,Formula Kite Fem.,15.0,G,30,,217.0,133.0,World Championship 2023
133,,,Lizeth LOAIZA,,Formula Kite Fem.,20.0,G,42,,308.0,230.0,World Championship 2023
134,,,Julie PATURAU,,Formula Kite Fem.,21.0,G,44,,329.0,245.0,World Championship 2023
135,,,Lauriane NOLOT,,Formula Kite Fem.,1.0,G,1,,57.0,18.0,World Championship 2023
136,,,Marija DOLENC,,Formula Kite Fem.,23.0,G,47,,360.0,276.0,World Championship 2023
137,,,WANG Si,,Formula Kite Fem.,10.0,G,26,,175.0,103.0,World Championship 2023
138,,,Aija AMBRASA,,Formula Kite Fem.,28.0,G,49,,394.0,310.0,World Championship 2023
139,,,Alexia FANCELLI,,Formula Kite Fem.,8.0,G,18,,170.0,120.0,World Championship 2023
140,,,Eleanor ALDRIDGE,,Formula Kite Fem.,28.0,G,2,,72.0,24.0,World Championship 2023
141,,,Benyapa JANTAWAN,,Formula Kite Fem.,28.0,G,38,,268.0,201.0,World Championship 2023
142,,,Karolina LARSSON,,Formula Kite Fem.,15.0,G,41,,305.0,230.0,World Championship 2023
143,,,KAJIWARA Saki,,Formula Kite Fem.,28.0,G,51,,443.0,358.0,World Championship 2023
144,,,Lizeth LOAIZA,,Formula Kite Fem.,14.0,G,42,,308.0,230.0,World Championship 2023
145,,,Maria Catalina TURIENZO,,Formula Kite Fem.,9.0,G,32,,214.0,139.0,World Championship 2023
146,,,LEE Youngeun,,Formula Kite Fem.,13.0,G,43,,299.0,235.0,World Championship 2023
147,,,Leonie MEYER,,Formula Kite Fem.,5.0,G,14,,158.0,106.0,World Championship 2023
148,,,Maria Do Socorro VASCONCELOS REIS,,Formula Kite Fem.,28.0,G,34,,254.0,170.0,World Championship 2023
149,,,Heloise PEGOURIE,,Formula Kite Fem.,2.0,G,25,,236.0,152.0,World Championship 2023
150,,,Katie DABSON,,Formula Kite Fem.,28.0,G,4,,137.0,61.0,World Championship 2023
151,,,Derin ATAKAN,,Formula Kite Fem.,7.0,G,30,,217.0,133.0,World Championship 2023
152,,,WANG Si,,Formula Kite Fem.,12.0,G,26,,175.0,103.0,World Championship 2023
153,,,Emily BUGEJA,,Formula Kite Fem.,28.0,G,46,,355.0,271.0,World Championship 2023
154,,,Annelous LAMMERTS,,Formula Kite Fem.,3.0,G,6,,130.0,63.0,World Championship 2023
155,,,Gisela PULIDO BORRELL,,Formula Kite Fem.,28.0,G,16,,200.0,116.0,World Championship 2023
156,,,Marija DOLENC,,Formula Kite Fem.,28.0,G,47,,360.0,276.0,World Championship 2023
157,,,Julia DAMASIEWICZ,,Formula Kite Fem.,10.0,G,21,,207.0,130.0,World Championship 2023
158,,,Breiana WHITEHEAD,,Formula Kite Fem.,6.0,G,11,,145.0,95.0,World Championship 2023
159,,,Nataliya LESHKO,,Formula Kite Fem.,28.0,G,50,,412.0,327.0,World Championship 2023
160,,,Justina KITCHEN,,Formula Kite Fem.,11.0,G,24,,218.0,152.0,World Championship 2023
161,,,Magdalena WOYCIECHOWSKA,,Formula Kite Fem.,4.0,G,20,,168.0,122.0,World Championship 2023
162,,,Lauriane NOLOT,,Formula Kite Fem.,1.0,G,1,,57.0,18.0,World Championship 2023
163,,,Mafalda PIRES de LIMA,,Formula Kite Fem.,28.0,G,33,,219.0,158.0,World Championship 2023
164,,,Izabela SATRJAN,,Formula Kite Fem.,13.0,G,27,,170.0,111.0,World Championship 2023
165,,,Poema NEWLAND,,Formula Kite Fem.,28.0,G,8,,170.0,86.0,World Championship 2023
166,,,Derin Deniz SORGUC,,Formula Kite Fem.,28.0,G,36,,250.0,176.0,World Championship 2023
167,,,Zoe BOUTANG,,Formula Kite Fem.,17.0,G,39,,271.0,202.0,World Championship 2023
168,,,Noora RUSKOLA,,Formula Kite Fem.,14.0,G,31,,191.0,139.0,World Championship 2023
169,,,Maya ASHKENAZI,,Formula Kite Fem.,9.0,G,12,,142.0,98.0,World Championship 2023
170,,,Lily YOUNG,,Formula Kite Fem.,2.0,G,3,,133.0,49.0,World Championship 2023
171,,,Monika ZIZLAVSKA,,Formula Kite Fem.,28.0,G,48,,389.0,304.0,World Championship 2023
172,,,Chloe REVIL,,Formula Kite Fem.,12.0,G,28,,185.0,114.0,World Championship 2023
173,,,CHEN Jingyue,,Formula Kite Fem.,15.0,G,7,,140.0,79.0,World Championship 2023
174,,,Anais Mai DESJARDINS,,Formula Kite Fem.,11.0,G,35,,239.0,172.0,World Championship 2023
175,,,Gal ZUKERMAN,,Formula Kite Fem.,4.0,G,13,,159.1,102.1,World Championship 2023
176,,,Julie PATURAU,,Formula Kite Fem.,28.0,G,44,,329.0,245.0,World Championship 2023
177,,,LI Wan,,Formula Kite Fem.,5.0,G,10,,147.0,91.0,World Championship 2023
178,,,Maria ASHIDA,,Formula Kite Fem.,28.0,G,52,,445.0,360.0,World Championship 2023
179,,,Sofia TOMASONI,,Formula Kite Fem.,28.0,G,19,,195.6,121.6,World Championship 2023
180,,,Lysa CAVAL,,Formula Kite Fem.,6.0,G,22,,195.0,130.0,World Championship 2023
181,,,Madeleine ANDERSON,,Formula Kite Fem.,1.0,G,9,,129.0,83.0,World Championship 2023
182,,,Dominika BRAUNOVA,,Formula Kite Fem.,18.0,G,40,,273.0,211.0,World Championship 2023
183,,,Marie-Eve MAYRAND,,Formula Kite Fem.,28.0,G,45,,334.0,253.0,World Championship 2023
184,,,Daniela MOROZ,,Formula Kite Fem.,8.0,G,5,,118.0,52.0,World Championship 2023
185,,,Nina ARCISZ,,Formula Kite Fem.,10.0,G,29,,161.0,119.0,World Championship 2023
186,,,Alina KORNELLI,,Formula Kite Fem.,3.0,G,17,,170.0,116.0,World Championship 2023
187,,,Maggie Eillen PESCETTO,,Formula Kite Fem.,7.0,G,15,,163.0,115.0,World Championship 2023
188,,,Elena LENGWILER,,Formula Kite Fem.,19.0,G,23,,217.0,145.0,World Championship 2023
189,,,Mareike WEBER,,Formula Kite Fem.,28.0,G,53,,452.0,367.0,World Championship 2023
190,,,Mariska WILDENBERG,,Formula Kite Fem.,16.0,G,37,,278.0,194.0,World Championship 2023
191,,,Noora RUSKOLA,,Formula Kite Fem.,15.0,G,31,,191.0,139.0,World Championship 2023
192,,,Daniela MOROZ,,Formula Kite Fem.,2.0,G,5,,118.0,52.0,World Championship 2023
193,,,Nina ARCISZ,,Formula Kite Fem.,12.0,G,29,,161.0,119.0,World Championship 2023
194,,,Maggie Eillen PESCETTO,,Formula Kite Fem.,3.0,G,15,,163.0,115.0,World Championship 2023
195,,,CHEN Jingyue,,Formula Kite Fem.,16.0,G,7,,140.0,79.0,World Championship 2023
196,,,Julie PATURAU,,Formula Kite Fem.,28.0,G,44,,329.0,245.0,World Championship 2023
197,,,Poema NEWLAND,,Formula Kite Fem.,17.0,G,8,,170.0,86.0,World Championship 2023
198,,,Derin Deniz SORGUC,,Formula Kite Fem.,11.0,G,36,,250.0,176.0,World Championship 2023
199,,,LI Wan,,Formula Kite Fem.,9.0,G,10,,147.0,91.0,World Championship 2023
200,,,Monika ZIZLAVSKA,,Formula Kite Fem.,28.0,G,48,,389.0,304.0,World Championship 2023
201,,,Maya ASHKENAZI,,Formula Kite Fem.,5.0,G,12,,142.0,98.0,World Championship 2023
202,,,Mareike WEBER,,Formula Kite Fem.,28.0,G,53,,452.0,367.0,World Championship 2023
203,,,Maria ASHIDA,,Formula Kite Fem.,28.0,G,52,,445.0,360.0,World Championship 2023
204,,,Dominika BRAUNOVA,,Formula Kite Fem.,21.0,G,40,,273.0,211.0,World Championship 2023
205,,,Sofia TOMASONI,,Formula Kite Fem.,6.0,G,19,,195.6,121.6,World Championship 2023
206,,,Alina KORNELLI,,Formula Kite Fem.,4.0,G,17,,170.0,116.0,World Championship 2023
207,,,Mariska WILDENBERG,,Formula Kite Fem.,14.0,G,37,,278.0,194.0,World Championship 2023
208,,,Elena LENGWILER,,Formula Kite Fem.,18.0,G,23,,217.0,145.0,World Championship 2023
209,,,Anais Mai DESJARDINS,,Formula Kite Fem.,13.0,G,35,,239.0,172.0,World Championship 2023
210,,,Lysa CAVAL,,Formula Kite Fem.,8.0,G,22,,195.0,130.0,World Championship 2023
211,,,Gal ZUKERMAN,,Formula Kite Fem.,2.0,G,13,,159.1,102.1,World Championship 2023
212,,,Lily YOUNG,,Formula Kite Fem.,28.0,G,3,,133.0,49.0,World Championship 2023
213,,,Madeleine ANDERSON,,Formula Kite Fem.,19.0,G,9,,129.0,83.0,World Championship 2023
214,,,Zoe BOUTANG,,Formula Kite Fem.,10.0,G,39,,271.0,202.0,World Championship 2023
215,,,Chloe REVIL,,Formula Kite Fem.,28.0,G,28,,185.0,114.0,World Championship 2023
216,,,Marie-Eve MAYRAND,,Formula Kite Fem.,20.0,G,45,,334.0,253.0,World Championship 2023
217,,,Izabela SATRJAN,,Formula Kite Fem.,7.0,G,27,,170.0,111.0,World Championship 2023
218,,,Lizeth LOAIZA,,Formula Kite Fem.,17.0,G,42,,308.0,230.0,World Championship 2023
219,,,Mafalda PIRES de LIMA,,Formula Kite Fem.,15.0,G,33,,219.0,158.0,World Championship 2023
220,,,Elena LENGWILER,,Formula Kite Fem.,6.0,G,23,,217.0,145.0,World Championship 2023
221,,,Katie DABSON,,Formula Kite Fem.,5.0,G,4,,137.0,61.0,World Championship 2023
222,,,Lauriane NOLOT,,Formula Kite Fem.,1.0,G,1,,57.0,18.0,World Championship 2023
223,,,Gisela PULIDO BORRELL,,Formula Kite Fem.,28.0,G,16,,200.0,116.0,World Championship 2023
224,,,Daniela MOROZ,,Formula Kite Fem.,2.0,G,5,,118.0,52.0,World Championship 2023
225,,,Maggie Eillen PESCETTO,,Formula Kite Fem.,3.0,G,15,,163.0,115.0,World Championship 2023
226,,,Marija DOLENC,,Formula Kite Fem.,21.0,G,47,,360.0,276.0,World Championship 2023
227,,,Aija AMBRASA,,Formula Kite Fem.,24.0,G,49,,394.0,310.0,World Championship 2023
228,,,Izabela SATRJAN,,Formula Kite Fem.,10.0,G,27,,170.0,111.0,World Championship 2023
229,,,Monika ZIZLAVSKA,,Formula Kite Fem.,22.0,G,48,,389.0,304.0,World Championship 2023
230,,,LEE Youngeun,,Formula Kite Fem.,19.0,G,43,,299.0,235.0,World Championship 2023
231,,,Zoe BOUTANG,,Formula Kite Fem.,18.0,G,39,,271.0,202.0,World Championship 2023
232,,,Breiana WHITEHEAD,,Formula Kite Fem.,20.0,G,11,,145.0,95.0,World Championship 2023
233,,,Mareike WEBER,,Formula Kite Fem.,28.0,G,53,,452.0,367.0,World Championship 2023
234,,,Leonie MEYER,,Formula Kite Fem.,12.0,G,14,,158.0,106.0,World Championship 2023
235,,,Maria ASHIDA,,Formula Kite Fem.,28.0,G,52,,445.0,360.0,World Championship 2023
236,,,Sofia TOMASONI,,Formula Kite Fem.,13.0,G,19,,195.6,121.6,World Championship 2023
237,,,Nina ARCISZ,,Formula Kite Fem.,9.0,G,29,,161.0,119.0,World Championship 2023
238,,,Derin Deniz SORGUC,,Formula Kite Fem.,16.0,G,36,,250.0,176.0,World Championship 2023
239,,,Annelous LAMMERTS,,Formula Kite Fem.,4.0,G,6,,130.0,63.0,World Championship 2023
240,,,Gal ZUKERMAN,,Formula Kite Fem.,8.0,G,13,,159.1,102.1,World Championship 2023
241,,,Emily BUGEJA,,Formula Kite Fem.,23.0,G,46,,355.0,271.0,World Championship 2023
242,,,Justina KITCHEN,,Formula Kite Fem.,11.0,G,24,,218.0,152.0,World Championship 2023
243,,,Noora RUSKOLA,,Formula Kite Fem.,14.0,G,31,,191.0,139.0,World Championship 2023
244,,,Julia DAMASIEWICZ,,Formula Kite Fem.,7.0,G,21,,207.0,130.0,World Championship 2023
245,,,Daniela MOROZ,,Formula Kite Fem.,3.0,P,5,,118.0,52.0,World Championship 2023
246,,,Madeleine ANDERSON,,Formula Kite Fem.,4.0,P,9,,129.0,83.0,World Championship 2023
247,,,Poema NEWLAND,,Formula Kite Fem.,0.0,P,8,,170.0,86.0,World Championship 2023
248,,,Katie DABSON,,Formula Kite Fem.,2.0,P,4,,137.0,61.0,World Championship 2023
249,,,WANG Si,,Formula Kite Fem.,16.0,G,26,,175.0,103.0,World Championship 2023
250,,,Justina KITCHEN,,Formula Kite Fem.,9.0,G,24,,218.0,152.0,World Championship 2023
251,,,Daniela MOROZ,,Formula Kite Fem.,5.0,G,5,,118.0,52.0,World Championship 2023
252,,,Maya ASHKENAZI,,Formula Kite Fem.,8.0,G,12,,142.0,98.0,World Championship 2023
253,,,Mariska WILDENBERG,,Formula Kite Fem.,19.0,G,37,,278.0,194.0,World Championship 2023
254,,,Lauriane NOLOT,,Formula Kite Fem.,1.0,G,1,,57.0,18.0,World Championship 2023
255,,,Annelous LAMMERTS,,Formula Kite Fem.,11.0,G,6,,130.0,63.0,World Championship 2023
256,,,Magdalena WOYCIECHOWSKA,,Formula Kite Fem.,7.0,G,20,,168.0,122.0,World Championship 2023
257,,,Zoe BOUTANG,,Formula Kite Fem.,18.0,G,39,,271.0,202.0,World Championship 2023
258,,,Alexia FANCELLI,,Formula Kite Fem.,12.0,G,18,,170.0,120.0,World Championship 2023
259,,,Lily YOUNG,,Formula Kite Fem.,3.0,G,3,,133.0,49.0,World Championship 2023
260,,,Izabela SATRJAN,,Formula Kite Fem.,13.0,G,27,,170.0,111.0,World Championship 2023
261,,,Lizeth LOAIZA,,Formula Kite Fem.,21.0,G,42,,308.0,230.0,World Championship 2023
262,,,Maria ASHIDA,,Formula Kite Fem.,28.0,G,52,,445.0,360.0,World Championship 2023
263,,,Poema NEWLAND,,Formula Kite Fem.,2.0,G,8,,170.0,86.0,World Championship 2023
264,,,Anais Mai DESJARDINS,,Formula Kite Fem.,20.0,G,35,,239.0,172.0,World Championship 2023
265,,,Nataliya LESHKO,,Formula Kite Fem.,25.0,G,50,,412.0,327.0,World Championship 2023
266,,,Julie PATURAU,,Formula Kite Fem.,22.0,G,44,,329.0,245.0,World Championship 2023
267,,,Nina ARCISZ,,Formula Kite Fem.,14.0,G,29,,161.0,119.0,World Championship 2023
268,,,Marija DOLENC,,Formula Kite Fem.,23.0,G,47,,360.0,276.0,World Championship 2023
269,,,Emily BUGEJA,,Formula Kite Fem.,24.0,G,46,,355.0,271.0,World Championship 2023
270,,,Madeleine ANDERSON,,Formula Kite Fem.,4.0,G,9,,129.0,83.0,World Championship 2023
271,,,Chloe REVIL,,Formula Kite Fem.,10.0,G,28,,185.0,114.0,World Championship 2023
272,,,Julia DAMASIEWICZ,,Formula Kite Fem.,6.0,G,21,,207.0,130.0,World Championship 2023
273,,,Mareike WEBER,,Formula Kite Fem.,28.0,G,53,,452.0,367.0,World Championship 2023
274,,,Derin ATAKAN,,Formula Kite Fem.,15.0,G,30,,217.0,133.0,World Championship 2023
275,,,Maria Catalina TURIENZO,,Formula Kite Fem.,17.0,G,32,,214.0,139.0,World Championship 2023
276,,,Lauriane NOLOT,,Formula Kite Fem.,4.0,G,1,,57.0,18.0,World Championship 2023
277,,,Eleanor ALDRIDGE,,Formula Kite Fem.,2.0,G,2,,72.0,24.0,World Championship 2023
278,,,Breiana WHITEHEAD,,Formula Kite Fem.,19.0,G,11,,145.0,95.0,World Championship 2023
279,,,Lysa CAVAL,,Formula Kite Fem.,24.0,G,22,,195.0,130.0,World Championship 2023
280,,,Poema NEWLAND,,Formula Kite Fem.,12.0,G,8,,170.0,86.0,World Championship 2023
281,,,Julia DAMASIEWICZ,,Formula Kite Fem.,17.0,G,21,,207.0,130.0,World Championship 2023
282,,,LI Wan,,Formula Kite Fem.,7.0,G,10,,147.0,91.0,World Championship 2023
283,,,Maggie Eillen PESCETTO,,Formula Kite Fem.,16.0,G,15,,163.0,115.0,World Championship 2023
284,,,Sofia TOMASONI,,Formula Kite Fem.,11.0,G,19,,195.6,121.6,World Championship 2023
285,,,Elena LENGWILER,,Formula Kite Fem.,23.0,G,23,,217.0,145.0,World Championship 2023
286,,,Gal ZUKERMAN,,Formula Kite Fem.,13.0,G,13,,159.1,102.1,World Championship 2023
287,,,Lily YOUNG,,Formula Kite Fem.,9.0,G,3,,133.0,49.0,World Championship 2023
288,,,Daniela MOROZ,,Formula Kite Fem.,3.0,G,5,,118.0,52.0,World Championship 2023
289,,,Maya ASHKENAZI,,Formula Kite Fem.,6.0,G,12,,142.0,98.0,World Championship 2023
290,,,Leonie MEYER,,Formula Kite Fem.,26.0,G,14,,158.0,106.0,World Championship 2023
291,,,Annelous LAMMERTS,,Formula Kite Fem.,10.0,G,6,,130.0,63.0,World Championship 2023
292,,,Magdalena WOYCIECHOWSKA,,Formula Kite Fem.,14.0,G,20,,168.0,122.0,World Championship 2023
293,,,Justina KITCHEN,,Formula Kite Fem.,21.0,G,24,,218.0,152.0,World Championship 2023
294,,,Alina KORNELLI,,Formula Kite Fem.,22.0,G,17,,170.0,116.0,World Championship 2023
295,,,CHEN Jingyue,,Formula Kite Fem.,1.0,G,7,,140.0,79.0,World Championship 2023
296,,,Madeleine ANDERSON,,Formula Kite Fem.,8.0,G,9,,129.0,83.0,World Championship 2023
297,,,Gisela PULIDO BORRELL,,Formula Kite Fem.,5.0,G,16,,200.0,116.0,World Championship 2023
298,,,Heloise PEGOURIE,,Formula Kite Fem.,15.0,G,25,,236.0,152.0,World Championship 2023
299,,,Katie DABSON,,Formula Kite Fem.,20.0,G,4,,137.0,61.0,World Championship 2023
300,,,Alexia FANCELLI,,Formula Kite Fem.,18.0,G,18,,170.0,120.0,World Championship 2023
301,,,Marija DOLENC,,Formula Kite Fem.,23.0,G,47,,360.0,276.0,World Championship 2023
302,,,Zoe BOUTANG,,Formula Kite Fem.,20.0,G,39,,271.0,202.0,World Championship 2023
303,,,Lizeth LOAIZA,,Formula Kite Fem.,21.0,G,42,,308.0,230.0,World Championship 2023
304,,,Maria Catalina TURIENZO,,Formula Kite Fem.,13.0,G,32,,214.0,139.0,World Championship 2023
305,,,Mareike WEBER,,Formula Kite Fem.,28.0,G,53,,452.0,367.0,World Championship 2023
306,,,Annelous LAMMERTS,,Formula Kite Fem.,5.0,G,6,,130.0,63.0,World Championship 2023
307,,,Derin ATAKAN,,Formula Kite Fem.,16.0,G,30,,217.0,133.0,World Championship 2023
308,,,Anais Mai DESJARDINS,,Formula Kite Fem.,18.0,G,35,,239.0,172.0,World Championship 2023
309,,,WANG Si,,Formula Kite Fem.,15.0,G,26,,175.0,103.0,World Championship 2023
310,,,Izabela SATRJAN,,Formula Kite Fem.,17.0,G,27,,170.0,111.0,World Championship 2023
311,,,Julia DAMASIEWICZ,,Formula Kite Fem.,6.0,G,21,,207.0,130.0,World Championship 2023
312,,,Nataliya LESHKO,,Formula Kite Fem.,28.0,G,50,,412.0,327.0,World Championship 2023
313,,,Justina KITCHEN,,Formula Kite Fem.,8.0,G,24,,218.0,152.0,World Championship 2023
314,,,Poema NEWLAND,,Formula Kite Fem.,3.0,G,8,,170.0,86.0,World Championship 2023
315,,,Nina ARCISZ,,Formula Kite Fem.,14.0,G,29,,161.0,119.0,World Championship 2023
316,,,Emily BUGEJA,,Formula Kite Fem.,24.0,G,46,,355.0,271.0,World Championship 2023
317,,,Alexia FANCELLI,,Formula Kite Fem.,12.0,G,18,,170.0,120.0,World Championship 2023
318,,,Daniela MOROZ,,Formula Kite Fem.,10.0,G,5,,118.0,52.0,World Championship 2023
319,,,Lauriane NOLOT,,Formula Kite Fem.,1.0,G,1,,57.0,18.0,World Championship 2023
320,,,Julie PATURAU,,Formula Kite Fem.,22.0,G,44,,329.0,245.0,World Championship 2023
321,,,Madeleine ANDERSON,,Formula Kite Fem.,4.0,G,9,,129.0,83.0,World Championship 2023
322,,,Mariska WILDENBERG,,Formula Kite Fem.,19.0,G,37,,278.0,194.0,World Championship 2023
323,,,Magdalena WOYCIECHOWSKA,,Formula Kite Fem.,9.0,G,20,,168.0,122.0,World Championship 2023
324,,,Maya ASHKENAZI,,Formula Kite Fem.,7.0,G,12,,142.0,98.0,World Championship 2023
325,,,Lily YOUNG,,Formula Kite Fem.,2.0,G,3,,133.0,49.0,World Championship 2023
326,,,Maria ASHIDA,,Formula Kite Fem.,28.0,G,52,,445.0,360.0,World Championship 2023
327,,,Chloe REVIL,,Formula Kite Fem.,11.0,G,28,,185.0,114.0,World Championship 2023
328,,,Chloe REVIL,,Formula Kite Fem.,3.0,G,28,,185.0,114.0,World Championship 2023
329,,,WANG Si,,Formula Kite Fem.,1.0,G,26,,175.0,103.0,World Championship 2023
330,,,Benyapa JANTAWAN,,Formula Kite Fem.,13.0,G,38,,268.0,201.0,World Championship 2023
331,,,Noora RUSKOLA,,Formula Kite Fem.,4.0,G,31,,191.0,139.0,World Championship 2023
332,,,Emily BUGEJA,,Formula Kite Fem.,20.0,G,46,,355.0,271.0,World Championship 2023
333,,,Nataliya LESHKO,,Formula Kite Fem.,29.0,G,50,,412.0,327.0,World Championship 2023
334,,,Nina ARCISZ,,Formula Kite Fem.,7.0,G,29,,161.0,119.0,World Championship 2023
335,,,Marija DOLENC,,Formula Kite Fem.,22.0,G,47,,360.0,276.0,World Championship 2023
336,,,Izabela SATRJAN,,Formula Kite Fem.,2.0,G,27,,170.0,111.0,World Championship 2023
337,,,Aija AMBRASA,,Formula Kite Fem.,24.0,G,49,,394.0,310.0,World Championship 2023
338,,,Lizeth LOAIZA,,Formula Kite Fem.,21.0,G,42,,308.0,230.0,World Championship 2023
339,,,Derin ATAKAN,,Formula Kite Fem.,6.0,G,30,,217.0,133.0,World Championship 2023
340,,,Derin Deniz SORGUC,,Formula Kite Fem.,9.0,G,36,,250.0,176.0,World Championship 2023
341,,,Monika ZIZLAVSKA,,Formula Kite Fem.,23.0,G,48,,389.0,304.0,World Championship 2023
342,,,Maria Do Socorro VASCONCELOS REIS,,Formula Kite Fem.,11.0,G,34,,254.0,170.0,World Championship 2023
343,,,Marie-Eve MAYRAND,,Formula Kite Fem.,18.0,G,45,,334.0,253.0,World Championship 2023
344,,,Julie PATURAU,,Formula Kite Fem.,17.0,G,44,,329.0,245.0,World Championship 2023
345,,,Mariska WILDENBERG,,Formula Kite Fem.,10.0,G,37,,278.0,194.0,World Championship 2023
346,,,Anais Mai DESJARDINS,,Formula Kite Fem.,12.0,G,35,,239.0,172.0,World Championship 2023
347,,,Maria Catalina TURIENZO,,Formula Kite Fem.,5.0,G,32,,214.0,139.0,World Championship 2023
348,,,Zoe BOUTANG,,Formula Kite Fem.,14.0,G,39,,271.0,202.0,World Championship 2023
349,,,Karolina LARSSON,,Formula Kite Fem.,16.0,G,41,,305.0,230.0,World Championship 2023
350,,,Dominika BRAUNOVA,,Formula Kite Fem.,15.0,G,40,,273.0,211.0,World Championship 2023
351,,,LEE Youngeun,,Formula Kite Fem.,19.0,G,43,,299.0,235.0,World Championship 2023
352,,,Maria ASHIDA,,Formula Kite Fem.,29.0,G,52,,445.0,360.0,World Championship 2023
353,,,KAJIWARA Saki,,Formula Kite Fem.,29.0,G,51,,443.0,358.0,World Championship 2023
354,,,Mafalda PIRES de LIMA,,Formula Kite Fem.,8.0,G,33,,219.0,158.0,World Championship 2023
355,,,Mareike WEBER,,Formula Kite Fem.,29.0,G,53,,452.0,367.0,World Championship 2023
356,,,Breiana WHITEHEAD,,Formula Kite Fem.,4.0,G,11,,145.0,95.0,World Championship 2023
357,,,Eleanor ALDRIDGE,,Formula Kite Fem.,2.0,G,2,,72.0,24.0,World Championship 2023
358,,,Lauriane NOLOT,,Formula Kite Fem.,1.0,G,1,,57.0,18.0,World Championship 2023
359,,,Aija AMBRASA,,Formula Kite Fem.,28.0,G,49,,394.0,310.0,World Championship 2023
360,,,Emily BUGEJA,,Formula Kite Fem.,19.0,G,46,,355.0,271.0,World Championship 2023
361,,,Heloise PEGOURIE,,Formula Kite Fem.,6.0,G,25,,236.0,152.0,World Championship 2023
362,,,Maria Catalina TURIENZO,,Formula Kite Fem.,13.0,G,32,,214.0,139.0,World Championship 2023
363,,,Katie DABSON,,Formula Kite Fem.,5.0,G,4,,137.0,61.0,World Championship 2023
364,,,Lizeth LOAIZA,,Formula Kite Fem.,15.0,G,42,,308.0,230.0,World Championship 2023
365,,,LEE Youngeun,,Formula Kite Fem.,18.0,G,43,,299.0,235.0,World Championship 2023
366,,,KAJIWARA Saki,,Formula Kite Fem.,28.0,G,51,,443.0,358.0,World Championship 2023
367,,,Gisela PULIDO BORRELL,,Formula Kite Fem.,7.0,G,16,,200.0,116.0,World Championship 2023
368,,,Maria Do Socorro VASCONCELOS REIS,,Formula Kite Fem.,14.0,G,34,,254.0,170.0,World Championship 2023
369,,,Magdalena WOYCIECHOWSKA,,Formula Kite Fem.,11.0,G,20,,168.0,122.0,World Championship 2023
370,,,Karolina LARSSON,,Formula Kite Fem.,17.0,G,41,,305.0,230.0,World Championship 2023
371,,,Julia DAMASIEWICZ,,Formula Kite Fem.,10.0,G,21,,207.0,130.0,World Championship 2023
372,,,Alexia FANCELLI,,Formula Kite Fem.,8.0,G,18,,170.0,120.0,World Championship 2023
373,,,Nataliya LESHKO,,Formula Kite Fem.,20.0,G,50,,412.0,327.0,World Championship 2023
374,,,Annelous LAMMERTS,,Formula Kite Fem.,28.0,G,6,,130.0,63.0,World Championship 2023
375,,,Leonie MEYER,,Formula Kite Fem.,3.0,G,14,,158.0,106.0,World Championship 2023
376,,,Marija DOLENC,,Formula Kite Fem.,21.0,G,47,,360.0,276.0,World Championship 2023
377,,,Benyapa JANTAWAN,,Formula Kite Fem.,16.0,G,38,,268.0,201.0,World Championship 2023
378,,,Mafalda PIRES de LIMA,,Formula Kite Fem.,12.0,G,33,,219.0,158.0,World Championship 2023
379,,,Derin ATAKAN,,Formula Kite Fem.,28.0,G,30,,217.0,133.0,World Championship 2023
380,,,WANG Si,,Formula Kite Fem.,9.0,G,26,,175.0,103.0,World Championship 2023
381,,,Justina KITCHEN,,Formula Kite Fem.,28.0,G,24,,218.0,152.0,World Championship 2023
382,,,Benyapa JANTAWAN,,Formula Kite Fem.,19.0,G,38,,268.0,201.0,World Championship 2023
383,,,Gal ZUKERMAN,,Formula Kite Fem.,4.0,G,13,,159.1,102.1,World Championship 2023
384,,,Mafalda PIRES de LIMA,,Formula Kite Fem.,17.0,G,33,,219.0,158.0,World Championship 2023
385,,,KAJIWARA Saki,,Formula Kite Fem.,28.0,G,51,,443.0,358.0,World Championship 2023
386,,,Heloise PEGOURIE,,Formula Kite Fem.,12.0,G,25,,236.0,152.0,World Championship 2023
387,,,Elena LENGWILER,,Formula Kite Fem.,3.0,G,23,,217.0,145.0,World Championship 2023
388,,,Monika ZIZLAVSKA,,Formula Kite Fem.,23.0,G,48,,389.0,304.0,World Championship 2023
389,,,Noora RUSKOLA,,Formula Kite Fem.,15.0,G,31,,191.0,139.0,World Championship 2023
390,,,LI Wan,,Formula Kite Fem.,14.0,G,10,,147.0,91.0,World Championship 2023
391,,,Lysa CAVAL,,Formula Kite Fem.,13.0,G,22,,195.0,130.0,World Championship 2023
392,,,Katie DABSON,,Formula Kite Fem.,2.0,G,4,,137.0,61.0,World Championship 2023
393,,,Sofia TOMASONI,,Formula Kite Fem.,6.0,G,19,,195.6,121.6,World Championship 2023
394,,,Eleanor ALDRIDGE,,Formula Kite Fem.,1.0,G,2,,72.0,24.0,World Championship 2023
395,,,Derin Deniz SORGUC,,Formula Kite Fem.,18.0,G,36,,250.0,176.0,World Championship 2023
396,,,Breiana WHITEHEAD,,Formula Kite Fem.,10.0,G,11,,145.0,95.0,World Championship 2023
397,,,Aija AMBRASA,,Formula Kite Fem.,24.0,G,49,,394.0,310.0,World Championship 2023
398,,,Gisela PULIDO BORRELL,,Formula Kite Fem.,8.0,G,16,,200.0,116.0,World Championship 2023
399,,,Maggie Eillen PESCETTO,,Formula Kite Fem.,7.0,G,15,,163.0,115.0,World Championship 2023
400,,,Dominika BRAUNOVA,,Formula Kite Fem.,21.0,G,40,,273.0,211.0,World Championship 2023
401,,,Maria Do Socorro VASCONCELOS REIS,,Formula Kite Fem.,16.0,G,34,,254.0,170.0,World Championship 2023
402,,,Karolina LARSSON,,Formula Kite Fem.,22.0,G,41,,305.0,230.0,World Championship 2023
403,,,CHEN Jingyue,,Formula Kite Fem.,5.0,G,7,,140.0,79.0,World Championship 2023
404,,,Marie-Eve MAYRAND,,Formula Kite Fem.,25.0,G,45,,334.0,253.0,World Championship 2023
405,,,LEE Youngeun,,Formula Kite Fem.,20.0,G,43,,299.0,235.0,World Championship 2023
406,,,Alina KORNELLI,,Formula Kite Fem.,9.0,G,17,,170.0,116.0,World Championship 2023
407,,,Leonie MEYER,,Formula Kite Fem.,11.0,G,14,,158.0,106.0,World Championship 2023
408,,,WANG Si,,Formula Kite Fem.,13.0,G,26,,175.0,103.0,World Championship 2023
409,,,Maria ASHIDA,,Formula Kite Fem.,28.0,G,52,,445.0,360.0,World Championship 2023
410,,,Anais Mai DESJARDINS,,Formula Kite Fem.,17.0,G,35,,239.0,172.0,World Championship 2023
411,,,Alexia FANCELLI,,Formula Kite Fem.,8.0,G,18,,170.0,120.0,World Championship 2023
412,,,Julie PATURAU,,Formula Kite Fem.,20.0,G,44,,329.0,245.0,World Championship 2023
413,,,Chloe REVIL,,Formula Kite Fem.,15.0,G,28,,185.0,114.0,World Championship 2023
414,,,Maya ASHKENAZI,,Formula Kite Fem.,5.0,G,12,,142.0,98.0,World Championship 2023
415,,,Derin ATAKAN,,Formula Kite Fem.,11.0,G,30,,217.0,133.0,World Championship 2023
416,,,Lily YOUNG,,Formula Kite Fem.,1.0,G,3,,133.0,49.0,World Championship 2023
417,,,Marija DOLENC,,Formula Kite Fem.,22.0,G,47,,360.0,276.0,World Championship 2023
418,,,Justina KITCHEN,,Formula Kite Fem.,10.0,G,24,,218.0,152.0,World Championship 2023
419,,,Mareike WEBER,,Formula Kite Fem.,28.0,G,53,,452.0,367.0,World Championship 2023
420,,,Mariska WILDENBERG,,Formula Kite Fem.,28.0,G,37,,278.0,194.0,World Championship 2023
421,,,Nataliya LESHKO,,Formula Kite Fem.,23.0,G,50,,412.0,327.0,World Championship 2023
422,,,Daniela MOROZ,,Formula Kite Fem.,9.0,G,5,,118.0,52.0,World Championship 2023
423,,,Nina ARCISZ,,Formula Kite Fem.,12.0,G,29,,161.0,119.0,World Championship 2023
424,,,Maria Catalina TURIENZO,,Formula Kite Fem.,16.0,G,32,,214.0,139.0,World Championship 2023
425,,,Annelous LAMMERTS,,Formula Kite Fem.,3.0,G,6,,130.0,63.0,World Championship 2023
426,,,Lauriane NOLOT,,Formula Kite Fem.,2.0,G,1,,57.0,18.0,World Championship 2023
427,,,Izabela SATRJAN,,Formula Kite Fem.,14.0,G,27,,170.0,111.0,World Championship 2023
428,,,Zoe BOUTANG,,Formula Kite Fem.,21.0,G,39,,271.0,202.0,World Championship 2023
429,,,Emily BUGEJA,,Formula Kite Fem.,19.0,G,46,,355.0,271.0,World Championship 2023
430,,,Magdalena WOYCIECHOWSKA,,Formula Kite Fem.,6.0,G,20,,168.0,122.0,World Championship 2023
431,,,Lizeth LOAIZA,,Formula Kite Fem.,18.0,G,42,,308.0,230.0,World Championship 2023
432,,,Poema NEWLAND,,Formula Kite Fem.,4.0,G,8,,170.0,86.0,World Championship 2023
433,,,Madeleine ANDERSON,,Formula Kite Fem.,7.0,G,9,,129.0,83.0,World Championship 2023
434,,,Julia DAMASIEWICZ,,Formula Kite Fem.,28.0,G,21,,207.0,130.0,World Championship 2023
435,,,Alina KORNELLI,,Formula Kite Fem.,8.0,G,17,,170.0,116.0,World Championship 2023
436,,,Dominika BRAUNOVA,,Formula Kite Fem.,17.0,G,40,,273.0,211.0,World Championship 2023
437,,,Maria Do Socorro VASCONCELOS REIS,,Formula Kite Fem.,14.0,G,34,,254.0,170.0,World Championship 2023
438,,,Gal ZUKERMAN,,Formula Kite Fem.,7.1,G,13,,159.1,102.1,World Championship 2023
439,,,Elena LENGWILER,,Formula Kite Fem.,6.0,G,23,,217.0,145.0,World Championship 2023
440,,,Katie DABSON,,Formula Kite Fem.,28.0,G,4,,137.0,61.0,World Championship 2023
441,,,Marie-Eve MAYRAND,,Formula Kite Fem.,19.0,G,45,,334.0,253.0,World Championship 2023
442,,,Eleanor ALDRIDGE,,Formula Kite Fem.,1.0,G,2,,72.0,24.0,World Championship 2023
443,,,KAJIWARA Saki,,Formula Kite Fem.,28.0,G,51,,443.0,358.0,World Championship 2023
444,,,Sofia TOMASONI,,Formula Kite Fem.,12.0,G,19,,195.6,121.6,World Championship 2023
445,,,Leonie MEYER,,Formula Kite Fem.,4.0,G,14,,158.0,106.0,World Championship 2023
446,,,Karolina LARSSON,,Formula Kite Fem.,20.0,G,41,,305.0,230.0,World Championship 2023
447,,,LEE Youngeun,,Formula Kite Fem.,18.0,G,43,,299.0,235.0,World Championship 2023
448,,,LI Wan,,Formula Kite Fem.,7.0,G,10,,147.0,91.0,World Championship 2023
449,,,Maggie Eillen PESCETTO,,Formula Kite Fem.,11.0,G,15,,163.0,115.0,World Championship 2023
450,,,Mafalda PIRES de LIMA,,Formula Kite Fem.,13.0,G,33,,219.0,158.0,World Championship 2023
451,,,Aija AMBRASA,,Formula Kite Fem.,22.0,G,49,,394.0,310.0,World Championship 2023
452,,,Derin Deniz SORGUC,,Formula Kite Fem.,16.0,G,36,,250.0,176.0,World Championship 2023
453,,,Breiana WHITEHEAD,,Formula Kite Fem.,3.0,G,11,,145.0,95.0,World Championship 2023
454,,,Benyapa JANTAWAN,,Formula Kite Fem.,15.0,G,38,,268.0,201.0,World Championship 2023
455,,,Lysa CAVAL,,Formula Kite Fem.,28.0,G,22,,195.0,130.0,World Championship 2023
456,,,Gisela PULIDO BORRELL,,Formula Kite Fem.,5.0,G,16,,200.0,116.0,World Championship 2023
457,,,CHEN Jingyue,,Formula Kite Fem.,2.0,G,7,,140.0,79.0,World Championship 2023
458,,,Monika ZIZLAVSKA,,Formula Kite Fem.,21.0,G,48,,389.0,304.0,World Championship 2023
459,,,Noora RUSKOLA,,Formula Kite Fem.,10.0,G,31,,191.0,139.0,World Championship 2023
460,,,Heloise PEGOURIE,,Formula Kite Fem.,9.0,G,25,,236.0,152.0,World Championship 2023
461,,,Noora RUSKOLA,,Formula Kite Fem.,9.0,G,31,,191.0,139.0,World Championship 2023
462,,,Marija DOLENC,,Formula Kite Fem.,21.0,G,47,,360.0,276.0,World Championship 2023
463,,,Monika ZIZLAVSKA,,Formula Kite Fem.,24.0,G,48,,389.0,304.0,World Championship 2023
464,,,Maria ASHIDA,,Formula Kite Fem.,29.0,G,52,,445.0,360.0,World Championship 2023
465,,,WANG Si,,Formula Kite Fem.,1.0,G,26,,175.0,103.0,World Championship 2023
466,,,LEE Youngeun,,Formula Kite Fem.,16.0,G,43,,299.0,235.0,World Championship 2023
467,,,Julie PATURAU,,Formula Kite Fem.,20.0,G,44,,329.0,245.0,World Championship 2023
468,,,Lizeth LOAIZA,,Formula Kite Fem.,17.0,G,42,,308.0,230.0,World Championship 2023
469,,,Maria Catalina TURIENZO,,Formula Kite Fem.,3.0,G,32,,214.0,139.0,World Championship 2023
470,,,Derin Deniz SORGUC,,Formula Kite Fem.,10.0,G,36,,250.0,176.0,World Championship 2023
471,,,Derin ATAKAN,,Formula Kite Fem.,4.0,G,30,,217.0,133.0,World Championship 2023
472,,,KAJIWARA Saki,,Formula Kite Fem.,29.0,G,51,,443.0,358.0,World Championship 2023
473,,,Zoe BOUTANG,,Formula Kite Fem.,15.0,G,39,,271.0,202.0,World Championship 2023
474,,,Marie-Eve MAYRAND,,Formula Kite Fem.,19.0,G,45,,334.0,253.0,World Championship 2023
475,,,Anais Mai DESJARDINS,,Formula Kite Fem.,11.0,G,35,,239.0,172.0,World Championship 2023
476,,,Nataliya LESHKO,,Formula Kite Fem.,29.0,G,50,,412.0,327.0,World Championship 2023
477,,,Izabela SATRJAN,,Formula Kite Fem.,2.0,G,27,,170.0,111.0,World Championship 2023
478,,,Maria Do Socorro VASCONCELOS REIS,,Formula Kite Fem.,8.0,G,34,,254.0,170.0,World Championship 2023
479,,,Benyapa JANTAWAN,,Formula Kite Fem.,13.0,G,38,,268.0,201.0,World Championship 2023
480,,,Chloe REVIL,,Formula Kite Fem.,6.0,G,28,,185.0,114.0,World Championship 2023
481,,,Mareike WEBER,,Formula Kite Fem.,29.0,G,53,,452.0,367.0,World Championship 2023
482,,,Dominika BRAUNOVA,,Formula Kite Fem.,14.0,G,40,,273.0,211.0,World Championship 2023
483,,,Emily BUGEJA,,Formula Kite Fem.,22.0,G,46,,355.0,271.0,World Championship 2023
484,,,Mafalda PIRES de LIMA,,Formula Kite Fem.,7.0,G,33,,219.0,158.0,World Championship 2023
485,,,Aija AMBRASA,,Formula Kite Fem.,23.0,G,49,,394.0,310.0,World Championship 2023
486,,,Nina ARCISZ,,Formula Kite Fem.,5.0,G,29,,161.0,119.0,World Championship 2023
487,,,Karolina LARSSON,,Formula Kite Fem.,18.0,G,41,,305.0,230.0,World Championship 2023
488,,,Mariska WILDENBERG,,Formula Kite Fem.,12.0,G,37,,278.0,194.0,World Championship 2023
489,,,WANG Si,,Formula Kite Fem.,3.0,G,26,,175.0,103.0,World Championship 2023
490,,,Maya ASHKENAZI,,Formula Kite Fem.,12.0,G,12,,142.0,98.0,World Championship 2023
491,,,Magdalena WOYCIECHOWSKA,,Formula Kite Fem.,5.0,G,20,,168.0,122.0,World Championship 2023
492,,,Dominika BRAUNOVA,,Formula Kite Fem.,18.0,G,40,,273.0,211.0,World Championship 2023
493,,,KAJIWARA Saki,,Formula Kite Fem.,28.0,G,51,,443.0,358.0,World Championship 2023
494,,,Mariska WILDENBERG,,Formula Kite Fem.,16.0,G,37,,278.0,194.0,World Championship 2023
495,,,CHEN Jingyue,,Formula Kite Fem.,28.0,G,7,,140.0,79.0,World Championship 2023
496,,,Lysa CAVAL,,Formula Kite Fem.,6.0,G,22,,195.0,130.0,World Championship 2023
497,,,Lily YOUNG,,Formula Kite Fem.,2.0,G,3,,133.0,49.0,World Championship 2023
498,,,LI Wan,,Formula Kite Fem.,9.0,G,10,,147.0,91.0,World Championship 2023
499,,,Alexia FANCELLI,,Formula Kite Fem.,4.0,G,18,,170.0,120.0,World Championship 2023
500,,,Derin ATAKAN,,Formula Kite Fem.,8.0,G,30,,217.0,133.0,World Championship 2023
501,,,Maria Do Socorro VASCONCELOS REIS,,Formula Kite Fem.,7.0,G,34,,254.0,170.0,World Championship 2023
502,,,Marie-Eve MAYRAND,,Formula Kite Fem.,21.0,G,45,,334.0,253.0,World Championship 2023
503,,,Poema NEWLAND,,Formula Kite Fem.,28.0,G,8,,170.0,86.0,World Championship 2023
504,,,Chloe REVIL,,Formula Kite Fem.,13.0,G,28,,185.0,114.0,World Championship 2023
505,,,Madeleine ANDERSON,,Formula Kite Fem.,11.0,G,9,,129.0,83.0,World Championship 2023
506,,,Eleanor ALDRIDGE,,Formula Kite Fem.,1.0,G,2,,72.0,24.0,World Championship 2023
507,,,Benyapa JANTAWAN,,Formula Kite Fem.,17.0,G,38,,268.0,201.0,World Championship 2023
508,,,Alina KORNELLI,,Formula Kite Fem.,14.0,G,17,,170.0,116.0,World Championship 2023
509,,,Anais Mai DESJARDINS,,Formula Kite Fem.,15.0,G,35,,239.0,172.0,World Championship 2023
510,,,Julie PATURAU,,Formula Kite Fem.,22.0,G,44,,329.0,245.0,World Championship 2023
511,,,Maria Catalina TURIENZO,,Formula Kite Fem.,19.0,G,32,,214.0,139.0,World Championship 2023
512,,,Karolina LARSSON,,Formula Kite Fem.,20.0,G,41,,305.0,230.0,World Championship 2023
513,,,Heloise PEGOURIE,,Formula Kite Fem.,10.0,G,25,,236.0,152.0,World Championship 2023
514,,,Nataliya LESHKO,,Formula Kite Fem.,23.0,G,50,,412.0,327.0,World Championship 2023
515,,,Noora RUSKOLA,,Formula Kite Fem.,13.0,G,31,,191.0,139.0,World Championship 2023
516,,,Izabela SATRJAN,,Formula Kite Fem.,12.0,G,27,,170.0,111.0,World Championship 2023
517,,,Julia DAMASIEWICZ,,Formula Kite Fem.,10.0,G,21,,207.0,130.0,World Championship 2023
518,,,Emily BUGEJA,,Formula Kite Fem.,28.0,G,46,,355.0,271.0,World Championship 2023
519,,,Lauriane NOLOT,,Formula Kite Fem.,1.0,G,1,,57.0,18.0,World Championship 2023
520,,,Lizeth LOAIZA,,Formula Kite Fem.,18.0,G,42,,308.0,230.0,World Championship 2023
521,,,Katie DABSON,,Formula Kite Fem.,5.0,G,4,,137.0,61.0,World Championship 2023
522,,,Leonie MEYER,,Formula Kite Fem.,14.0,G,14,,158.0,106.0,World Championship 2023
523,,,Marija DOLENC,,Formula Kite Fem.,28.0,G,47,,360.0,276.0,World Championship 2023
524,,,Nina ARCISZ,,Formula Kite Fem.,8.0,G,29,,161.0,119.0,World Championship 2023
525,,,Gal ZUKERMAN,,Formula Kite Fem.,19.0,G,13,,159.1,102.1,World Championship 2023
526,,,Sofia TOMASONI,,Formula Kite Fem.,9.0,G,19,,195.6,121.6,World Championship 2023
527,,,Breiana WHITEHEAD,,Formula Kite Fem.,11.0,G,11,,145.0,95.0,World Championship 2023
528,,,Derin Deniz SORGUC,,Formula Kite Fem.,17.0,G,36,,250.0,176.0,World Championship 2023
529,,,Zoe BOUTANG,,Formula Kite Fem.,20.0,G,39,,271.0,202.0,World Championship 2023
530,,,Justina KITCHEN,,Formula Kite Fem.,7.0,G,24,,218.0,152.0,World Championship 2023
531,,,Aija AMBRASA,,Formula Kite Fem.,28.0,G,49,,394.0,310.0,World Championship 2023
532,,,LEE Youngeun,,Formula Kite Fem.,21.0,G,43,,299.0,235.0,World Championship 2023
533,,,Annelous LAMMERTS,,Formula Kite Fem.,2.0,G,6,,130.0,63.0,World Championship 2023
534,,,Maria ASHIDA,,Formula Kite Fem.,28.0,G,52,,445.0,360.0,World Championship 2023
535,,,Gisela PULIDO BORRELL,,Formula Kite Fem.,4.0,G,16,,200.0,116.0,World Championship 2023
536,,,Mafalda PIRES de LIMA,,Formula Kite Fem.,15.0,G,33,,219.0,158.0,World Championship 2023
537,,,Elena LENGWILER,,Formula Kite Fem.,16.0,G,23,,217.0,145.0,World Championship 2023
538,,,Daniela MOROZ,,Formula Kite Fem.,3.0,G,5,,118.0,52.0,World Championship 2023
539,,,Monika ZIZLAVSKA,,Formula Kite Fem.,22.0,G,48,,389.0,304.0,World Championship 2023
540,,,Maggie Eillen PESCETTO,,Formula Kite Fem.,6.0,G,15,,163.0,115.0,World Championship 2023
541,,,Mareike WEBER,,Formula Kite Fem.,28.0,G,53,,452.0,367.0,World Championship 2023
542,,,Heloise PEGOURIE,,Formula Kite Fem.,28.0,G,25,,236.0,152.0,World Championship 2023
543,,,Lysa CAVAL,,Formula Kite Fem.,8.0,G,22,,195.0,130.0,World Championship 2023
544,,,CHEN Jingyue,,Formula Kite Fem.,1.0,G,7,,140.0,79.0,World Championship 2023
545,,,Alina KORNELLI,,Formula Kite Fem.,10.0,G,17,,170.0,116.0,World Championship 2023
546,,,KAJIWARA Saki,,Formula Kite Fem.,28.0,G,51,,443.0,358.0,World Championship 2023
547,,,Derin ATAKAN,,Formula Kite Fem.,12.0,G,30,,217.0,133.0,World Championship 2023
548,,,Julie PATURAU,,Formula Kite Fem.,20.0,G,44,,329.0,245.0,World Championship 2023
549,,,Benyapa JANTAWAN,,Formula Kite Fem.,16.0,G,38,,268.0,201.0,World Championship 2023
550,,,LI Wan,,Formula Kite Fem.,2.0,G,10,,147.0,91.0,World Championship 2023
551,,,Lily YOUNG,,Formula Kite Fem.,4.0,G,3,,133.0,49.0,World Championship 2023
552,,,Alexia FANCELLI,,Formula Kite Fem.,6.0,G,18,,170.0,120.0,World Championship 2023
553,,,Madeleine ANDERSON,,Formula Kite Fem.,15.0,G,9,,129.0,83.0,World Championship 2023
554,,,WANG Si,,Formula Kite Fem.,9.0,G,26,,175.0,103.0,World Championship 2023
555,,,Magdalena WOYCIECHOWSKA,,Formula Kite Fem.,7.0,G,20,,168.0,122.0,World Championship 2023
556,,,Marie-Eve MAYRAND,,Formula Kite Fem.,22.0,G,45,,334.0,253.0,World Championship 2023
557,,,Maya ASHKENAZI,,Formula Kite Fem.,5.0,G,12,,142.0,98.0,World Championship 2023
558,,,Poema NEWLAND,,Formula Kite Fem.,19.0,G,8,,170.0,86.0,World Championship 2023
559,,,Maria Catalina TURIENZO,,Formula Kite Fem.,28.0,G,32,,214.0,139.0,World Championship 2023
560,,,Dominika BRAUNOVA,,Formula Kite Fem.,18.0,G,40,,273.0,211.0,World Championship 2023
561,,,Nataliya LESHKO,,Formula Kite Fem.,28.0,G,50,,412.0,327.0,World Championship 2023
562,,,Eleanor ALDRIDGE,,Formula Kite Fem.,3.0,G,2,,72.0,24.0,World Championship 2023
563,,,Chloe REVIL,,Formula Kite Fem.,11.0,G,28,,185.0,114.0,World Championship 2023
564,,,Anais Mai DESJARDINS,,Formula Kite Fem.,14.0,G,35,,239.0,172.0,World Championship 2023
565,,,Mariska WILDENBERG,,Formula Kite Fem.,17.0,G,37,,278.0,194.0,World Championship 2023
566,,,Karolina LARSSON,,Formula Kite Fem.,21.0,G,41,,305.0,230.0,World Championship 2023
567,,,Maria Do Socorro VASCONCELOS REIS,,Formula Kite Fem.,13.0,G,34,,254.0,170.0,World Championship 2023
568,,,Emily BUGEJA,,Formula Kite Fem.,21.0,G,46,,355.0,271.0,World Championship 2023
569,,,Elena LENGWILER,,Formula Kite Fem.,9.0,G,23,,217.0,145.0,World Championship 2023
570,,,Monika ZIZLAVSKA,,Formula Kite Fem.,28.0,G,48,,389.0,304.0,World Championship 2023
571,,,Lizeth LOAIZA,,Formula Kite Fem.,16.0,G,42,,308.0,230.0,World Championship 2023
572,,,Annelous LAMMERTS,,Formula Kite Fem.,8.0,G,6,,130.0,63.0,World Championship 2023
573,,,Julia DAMASIEWICZ,,Formula Kite Fem.,11.0,G,21,,207.0,130.0,World Championship 2023
574,,,Daniela MOROZ,,Formula Kite Fem.,1.0,G,5,,118.0,52.0,World Championship 2023
575,,,Aija AMBRASA,,Formula Kite Fem.,28.0,G,49,,394.0,310.0,World Championship 2023
576,,,Lauriane NOLOT,,Formula Kite Fem.,2.0,G,1,,57.0,18.0,World Championship 2023
577,,,Noora RUSKOLA,,Formula Kite Fem.,13.0,G,31,,191.0,139.0,World Championship 2023
578,,,Izabela SATRJAN,,Formula Kite Fem.,12.0,G,27,,170.0,111.0,World Championship 2023
579,,,Gisela PULIDO BORRELL,,Formula Kite Fem.,28.0,G,16,,200.0,116.0,World Championship 2023
580,,,Zoe BOUTANG,,Formula Kite Fem.,18.0,G,39,,271.0,202.0,World Championship 2023
581,,,Mafalda PIRES de LIMA,,Formula Kite Fem.,14.0,G,33,,219.0,158.0,World Championship 2023
582,,,Leonie MEYER,,Formula Kite Fem.,3.0,G,14,,158.0,106.0,World Championship 2023
583,,,LEE Youngeun,,Formula Kite Fem.,19.0,G,43,,299.0,235.0,World Championship 2023
584,,,Derin Deniz SORGUC,,Formula Kite Fem.,15.0,G,36,,250.0,176.0,World Championship 2023
585,,,Katie DABSON,,Formula Kite Fem.,7.0,G,4,,137.0,61.0,World Championship 2023
586,,,Mareike WEBER,,Formula Kite Fem.,28.0,G,53,,452.0,367.0,World Championship 2023
587,,,Maria ASHIDA,,Formula Kite Fem.,28.0,G,52,,445.0,360.0,World Championship 2023
588,,,Gal ZUKERMAN,,Formula Kite Fem.,4.0,G,13,,159.1,102.1,World Championship 2023
589,,,Sofia TOMASONI,,Formula Kite Fem.,11.6,G,19,,195.6,121.6,World Championship 2023
590,,,Maggie Eillen PESCETTO,,Formula Kite Fem.,6.0,G,15,,163.0,115.0,World Championship 2023
591,,,Breiana WHITEHEAD,,Formula Kite Fem.,5.0,G,11,,145.0,95.0,World Championship 2023
592,,,Nina ARCISZ,,Formula Kite Fem.,10.0,G,29,,161.0,119.0,World Championship 2023
593,,,Marija DOLENC,,Formula Kite Fem.,20.0,G,47,,360.0,276.0,World Championship 2023
594,,,Justina KITCHEN,,Formula Kite Fem.,17.0,G,24,,218.0,152.0,World Championship 2023
595,,,Maria Catalina TURIENZO,,Formula Kite Fem.,11.0,G,32,,214.0,139.0,World Championship 2023
596,,,KAJIWARA Saki,,Formula Kite Fem.,28.0,G,51,,443.0,358.0,World Championship 2023
597,,,Chloe REVIL,,Formula Kite Fem.,13.0,G,28,,185.0,114.0,World Championship 2023
598,,,Madeleine ANDERSON,,Formula Kite Fem.,12.0,G,9,,129.0,83.0,World Championship 2023
599,,,Maya ASHKENAZI,,Formula Kite Fem.,5.0,G,12,,142.0,98.0,World Championship 2023
600,,,Poema NEWLAND,,Formula Kite Fem.,3.0,G,8,,170.0,86.0,World Championship 2023
601,,,Nataliya LESHKO,,Formula Kite Fem.,19.0,G,50,,412.0,327.0,World Championship 2023
602,,,Magdalena WOYCIECHOWSKA,,Formula Kite Fem.,9.0,G,20,,168.0,122.0,World Championship 2023
603,,,Eleanor ALDRIDGE,,Formula Kite Fem.,2.0,G,2,,72.0,24.0,World Championship 2023
604,,,Lysa CAVAL,,Formula Kite Fem.,10.0,G,22,,195.0,130.0,World Championship 2023
605,,,Alexia FANCELLI,,Formula Kite Fem.,8.0,G,18,,170.0,120.0,World Championship 2023
606,,,Maria Do Socorro VASCONCELOS REIS,,Formula Kite Fem.,28.0,G,34,,254.0,170.0,World Championship 2023
607,,,Anais Mai DESJARDINS,,Formula Kite Fem.,14.0,G,35,,239.0,172.0,World Championship 2023
608,,,LI Wan,,Formula Kite Fem.,4.0,G,10,,147.0,91.0,World Championship 2023
609,,,Alina KORNELLI,,Formula Kite Fem.,7.0,G,17,,170.0,116.0,World Championship 2023
610,,,Derin ATAKAN,,Formula Kite Fem.,28.0,G,30,,217.0,133.0,World Championship 2023
611,,,Julie PATURAU,,Formula Kite Fem.,18.0,G,44,,329.0,245.0,World Championship 2023
612,,,WANG Si,,Formula Kite Fem.,28.0,G,26,,175.0,103.0,World Championship 2023
613,,,Heloise PEGOURIE,,Formula Kite Fem.,28.0,G,25,,236.0,152.0,World Championship 2023
614,,,Karolina LARSSON,,Formula Kite Fem.,28.0,G,41,,305.0,230.0,World Championship 2023
615,,,Lily YOUNG,,Formula Kite Fem.,6.0,G,3,,133.0,49.0,World Championship 2023
616,,,Benyapa JANTAWAN,,Formula Kite Fem.,16.0,G,38,,268.0,201.0,World Championship 2023
617,,,Marie-Eve MAYRAND,,Formula Kite Fem.,17.0,G,45,,334.0,253.0,World Championship 2023
618,,,CHEN Jingyue,,Formula Kite Fem.,1.0,G,7,,140.0,79.0,World Championship 2023
619,,,Mariska WILDENBERG,,Formula Kite Fem.,28.0,G,37,,278.0,194.0,World Championship 2023
620,,,Dominika BRAUNOVA,,Formula Kite Fem.,15.0,G,40,,273.0,211.0,World Championship 2023
621,,,Katie DABSON,,Formula Kite Fem.,0.0,P,4,,137.0,61.0,World Championship 2023
622,,,Madeleine ANDERSON,,Formula Kite Fem.,5.0,P,9,,129.0,83.0,World Championship 2023
623,,,Poema NEWLAND,,Formula Kite Fem.,5.0,P,8,,170.0,86.0,World Championship 2023
624,,,Daniela MOROZ,,Formula Kite Fem.,2.0,P,5,,118.0,52.0,World Championship 2023
625,,,Izabela SATRJAN,,Formula Kite Fem.,12.0,G,27,,170.0,111.0,World Championship 2023
626,,,Annelous LAMMERTS,,Formula Kite Fem.,28.0,G,6,,130.0,63.0,World Championship 2023
627,,,Lauriane NOLOT,,Formula Kite Fem.,28.0,G,1,,57.0,18.0,World Championship 2023
628,,,Anais Mai DESJARDINS,,Formula Kite Fem.,15.0,G,35,,239.0,172.0,World Championship 2023
629,,,Nataliya LESHKO,,Formula Kite Fem.,28.0,G,50,,412.0,327.0,World Championship 2023
630,,,Derin ATAKAN,,Formula Kite Fem.,10.0,G,30,,217.0,133.0,World Championship 2023
631,,,Maria Catalina TURIENZO,,Formula Kite Fem.,28.0,G,32,,214.0,139.0,World Championship 2023
632,,,Daniela MOROZ,,Formula Kite Fem.,28.0,G,5,,118.0,52.0,World Championship 2023
633,,,Emily BUGEJA,,Formula Kite Fem.,18.0,G,46,,355.0,271.0,World Championship 2023
634,,,Lizeth LOAIZA,,Formula Kite Fem.,16.0,G,42,,308.0,230.0,World Championship 2023
635,,,Alexia FANCELLI,,Formula Kite Fem.,6.0,G,18,,170.0,120.0,World Championship 2023
636,,,Julie PATURAU,,Formula Kite Fem.,19.0,G,44,,329.0,245.0,World Championship 2023
637,,,Julia DAMASIEWICZ,,Formula Kite Fem.,28.0,G,21,,207.0,130.0,World Championship 2023
638,,,Mariska WILDENBERG,,Formula Kite Fem.,14.0,G,37,,278.0,194.0,World Championship 2023
639,,,Zoe BOUTANG,,Formula Kite Fem.,13.0,G,39,,271.0,202.0,World Championship 2023
640,,,Maria ASHIDA,,Formula Kite Fem.,28.0,G,52,,445.0,360.0,World Championship 2023
641,,,Maya ASHKENAZI,,Formula Kite Fem.,3.0,G,12,,142.0,98.0,World Championship 2023
642,,,WANG Si,,Formula Kite Fem.,7.0,G,26,,175.0,103.0,World Championship 2023
643,,,Mareike WEBER,,Formula Kite Fem.,28.0,G,53,,452.0,367.0,World Championship 2023
644,,,Chloe REVIL,,Formula Kite Fem.,9.0,G,28,,185.0,114.0,World Championship 2023
645,,,Lily YOUNG,,Formula Kite Fem.,2.0,G,3,,133.0,49.0,World Championship 2023
646,,,Marija DOLENC,,Formula Kite Fem.,17.0,G,47,,360.0,276.0,World Championship 2023
647,,,Madeleine ANDERSON,,Formula Kite Fem.,4.0,G,9,,129.0,83.0,World Championship 2023
648,,,Nina ARCISZ,,Formula Kite Fem.,11.0,G,29,,161.0,119.0,World Championship 2023
649,,,Magdalena WOYCIECHOWSKA,,Formula Kite Fem.,5.0,G,20,,168.0,122.0,World Championship 2023
650,,,Poema NEWLAND,,Formula Kite Fem.,1.0,G,8,,170.0,86.0,World Championship 2023
651,,,Justina KITCHEN,,Formula Kite Fem.,8.0,G,24,,218.0,152.0,World Championship 2023
652,,,Lily YOUNG,,Formula Kite Fem.,0.0,P,3,,133.0,49.0,World Championship 2023
653,,,Annelous LAMMERTS,,Formula Kite Fem.,3.0,P,6,,130.0,63.0,World Championship 2023
654,,,LI Wan,,Formula Kite Fem.,4.0,P,10,,147.0,91.0,World Championship 2023
655,,,CHEN Jingyue,,Formula Kite Fem.,2.0,P,7,,140.0,79.0,World Championship 2023
656,,,LI Wan,,Formula Kite Fem.,10.0,G,10,,147.0,91.0,World Championship 2023
657,,,Gisela PULIDO BORRELL,,Formula Kite Fem.,6.0,G,16,,200.0,116.0,World Championship 2023
658,,,Aija AMBRASA,,Formula Kite Fem.,23.0,G,49,,394.0,310.0,World Championship 2023
659,,,Noora RUSKOLA,,Formula Kite Fem.,17.0,G,31,,191.0,139.0,World Championship 2023
660,,,Katie DABSON,,Formula Kite Fem.,3.0,G,4,,137.0,61.0,World Championship 2023
661,,,Eleanor ALDRIDGE,,Formula Kite Fem.,2.0,G,2,,72.0,24.0,World Championship 2023
662,,,Benyapa JANTAWAN,,Formula Kite Fem.,18.0,G,38,,268.0,201.0,World Championship 2023
663,,,Dominika BRAUNOVA,,Formula Kite Fem.,16.0,G,40,,273.0,211.0,World Championship 2023
664,,,Marie-Eve MAYRAND,,Formula Kite Fem.,21.0,G,45,,334.0,253.0,World Championship 2023
665,,,Sofia TOMASONI,,Formula Kite Fem.,28.0,G,19,,195.6,121.6,World Championship 2023
666,,,CHEN Jingyue,,Formula Kite Fem.,1.0,G,7,,140.0,79.0,World Championship 2023
667,,,Maggie Eillen PESCETTO,,Formula Kite Fem.,5.0,G,15,,163.0,115.0,World Championship 2023
668,,,Heloise PEGOURIE,,Formula Kite Fem.,11.0,G,25,,236.0,152.0,World Championship 2023
669,,,LEE Youngeun,,Formula Kite Fem.,19.0,G,43,,299.0,235.0,World Championship 2023
670,,,Monika ZIZLAVSKA,,Formula Kite Fem.,22.0,G,48,,389.0,304.0,World Championship 2023
671,,,Maria Do Socorro VASCONCELOS REIS,,Formula Kite Fem.,14.0,G,34,,254.0,170.0,World Championship 2023
672,,,Karolina LARSSON,,Formula Kite Fem.,20.0,G,41,,305.0,230.0,World Championship 2023
673,,,Leonie MEYER,,Formula Kite Fem.,4.0,G,14,,158.0,106.0,World Championship 2023
674,,,Elena LENGWILER,,Formula Kite Fem.,8.0,G,23,,217.0,145.0,World Championship 2023
675,,,Alina KORNELLI,,Formula Kite Fem.,13.0,G,17,,170.0,116.0,World Championship 2023
676,,,Breiana WHITEHEAD,,Formula Kite Fem.,7.0,G,11,,145.0,95.0,World Championship 2023
677,,,Gal ZUKERMAN,,Formula Kite Fem.,9.0,G,13,,159.1,102.1,World Championship 2023
678,,,KAJIWARA Saki,,Formula Kite Fem.,24.0,G,51,,443.0,358.0,World Championship 2023
679,,,Derin Deniz SORGUC,,Formula Kite Fem.,28.0,G,36,,250.0,176.0,World Championship 2023
680,,,Lysa CAVAL,,Formula Kite Fem.,12.0,G,22,,195.0,130.0,World Championship 2023
681,,,Mafalda PIRES de LIMA,,Formula Kite Fem.,15.0,G,33,,219.0,158.0,World Championship 2023
682,,,Poema NEWLAND,,Formula Kite Fem.,0.0,P,8,,170.0,86.0,World Championship 2023
683,,,Katie DABSON,,Formula Kite Fem.,4.0,P,4,,137.0,61.0,World Championship 2023
684,,,Daniela MOROZ,,Formula Kite Fem.,2.0,P,5,,118.0,52.0,World Championship 2023
685,,,Madeleine ANDERSON,,Formula Kite Fem.,3.0,P,9,,129.0,83.0,World Championship 2023
686,,,Magdalena WOYCIECHOWSKA,,Formula Kite Fem.,24.0,G,20,,168.0,122.0,World Championship 2023
687,,,Katie DABSON,,Formula Kite Fem.,6.0,G,4,,137.0,61.0,World Championship 2023
688,,,LI Wan,,Formula Kite Fem.,12.0,G,10,,147.0,91.0,World Championship 2023
689,,,Gal ZUKERMAN,,Formula Kite Fem.,14.0,G,13,,159.1,102.1,World Championship 2023
690,,,Julia DAMASIEWICZ,,Formula Kite Fem.,21.0,G,21,,207.0,130.0,World Championship 2023
691,,,Gisela PULIDO BORRELL,,Formula Kite Fem.,9.0,G,16,,200.0,116.0,World Championship 2023
692,,,Poema NEWLAND,,Formula Kite Fem.,2.0,G,8,,170.0,86.0,World Championship 2023
693,,,Sofia TOMASONI,,Formula Kite Fem.,16.0,G,19,,195.6,121.6,World Championship 2023
694,,,Alina KORNELLI,,Formula Kite Fem.,13.0,G,17,,170.0,116.0,World Championship 2023
695,,,Eleanor ALDRIDGE,,Formula Kite Fem.,3.0,G,2,,72.0,24.0,World Championship 2023
696,,,Elena LENGWILER,,Formula Kite Fem.,25.0,G,23,,217.0,145.0,World Championship 2023
697,,,Justina KITCHEN,,Formula Kite Fem.,20.0,G,24,,218.0,152.0,World Championship 2023
698,,,Leonie MEYER,,Formula Kite Fem.,18.0,G,14,,158.0,106.0,World Championship 2023
699,,,Annelous LAMMERTS,,Formula Kite Fem.,7.0,G,6,,130.0,63.0,World Championship 2023
700,,,Madeleine ANDERSON,,Formula Kite Fem.,8.0,G,9,,129.0,83.0,World Championship 2023
701,,,Maya ASHKENAZI,,Formula Kite Fem.,23.0,G,12,,142.0,98.0,World Championship 2023
702,,,CHEN Jingyue,,Formula Kite Fem.,10.0,G,7,,140.0,79.0,World Championship 2023
703,,,Alexia FANCELLI,,Formula Kite Fem.,15.0,G,18,,170.0,120.0,World Championship 2023
704,,,Lauriane NOLOT,,Formula Kite Fem.,1.0,G,1,,57.0,18.0,World Championship 2023
705,,,Lily YOUNG,,Formula Kite Fem.,5.0,G,3,,133.0,49.0,World Championship 2023
706,,,Maggie Eillen PESCETTO,,Formula Kite Fem.,19.0,G,15,,163.0,115.0,World Championship 2023
707,,,Daniela MOROZ,,Formula Kite Fem.,4.0,G,5,,118.0,52.0,World Championship 2023
708,,,Heloise PEGOURIE,,Formula Kite Fem.,22.0,G,25,,236.0,152.0,World Championship 2023
709,,,Lysa CAVAL,,Formula Kite Fem.,17.0,G,22,,195.0,130.0,World Championship 2023
710,,,Breiana WHITEHEAD,,Formula Kite Fem.,11.0,G,11,,145.0,95.0,World Championship 2023
711,,,Breiana WHITEHEAD,,Formula Kite Fem.,12.0,G,11,,145.0,95.0,World Championship 2023
712,,,Annelous LAMMERTS,,Formula Kite Fem.,4.0,G,6,,130.0,63.0,World Championship 2023
713,,,Alexia FANCELLI,,Formula Kite Fem.,18.0,G,18,,170.0,120.0,World Championship 2023
714,,,Katie DABSON,,Formula Kite Fem.,3.0,G,4,,137.0,61.0,World Championship 2023
715,,,Maggie Eillen PESCETTO,,Formula Kite Fem.,19.0,G,15,,163.0,115.0,World Championship 2023
716,,,Madeleine ANDERSON,,Formula Kite Fem.,10.0,G,9,,129.0,83.0,World Championship 2023
717,,,Lysa CAVAL,,Formula Kite Fem.,20.0,G,22,,195.0,130.0,World Championship 2023
718,,,Elena LENGWILER,,Formula Kite Fem.,16.0,G,23,,217.0,145.0,World Championship 2023
719,,,Magdalena WOYCIECHOWSKA,,Formula Kite Fem.,24.0,G,20,,168.0,122.0,World Championship 2023
720,,,Poema NEWLAND,,Formula Kite Fem.,9.0,G,8,,170.0,86.0,World Championship 2023
721,,,Alina KORNELLI,,Formula Kite Fem.,14.0,G,17,,170.0,116.0,World Championship 2023
722,,,CHEN Jingyue,,Formula Kite Fem.,17.0,G,7,,140.0,79.0,World Championship 2023
723,,,Daniela MOROZ,,Formula Kite Fem.,8.0,G,5,,118.0,52.0,World Championship 2023
724,,,Sofia TOMASONI,,Formula Kite Fem.,11.0,G,19,,195.6,121.6,World Championship 2023
725,,,Lauriane NOLOT,,Formula Kite Fem.,1.0,G,1,,57.0,18.0,World Championship 2023
726,,,Julia DAMASIEWICZ,,Formula Kite Fem.,13.0,G,21,,207.0,130.0,World Championship 2023
727,,,Eleanor ALDRIDGE,,Formula Kite Fem.,7.0,G,2,,72.0,24.0,World Championship 2023
728,,,Lily YOUNG,,Formula Kite Fem.,2.0,G,3,,133.0,49.0,World Championship 2023
729,,,Gal ZUKERMAN,,Formula Kite Fem.,25.0,G,13,,159.1,102.1,World Championship 2023
730,,,Heloise PEGOURIE,,Formula Kite Fem.,23.0,G,25,,236.0,152.0,World Championship 2023
731,,,Justina KITCHEN,,Formula Kite Fem.,21.0,G,24,,218.0,152.0,World Championship 2023
732,,,Maya ASHKENAZI,,Formula Kite Fem.,15.0,G,12,,142.0,98.0,World Championship 2023
733,,,Leonie MEYER,,Formula Kite Fem.,22.0,G,14,,158.0,106.0,World Championship 2023
734,,,Gisela PULIDO BORRELL,,Formula Kite Fem.,6.0,G,16,,200.0,116.0,World Championship 2023
735,,,LI Wan,,Formula Kite Fem.,5.0,G,10,,147.0,91.0,World Championship 2023
736,,,Madeleine ANDERSON,,Formula Kite Fem.,10.0,G,9,,129.0,83.0,World Championship 2023
737,,,Heloise PEGOURIE,,Formula Kite Fem.,16.0,G,25,,236.0,152.0,World Championship 2023
738,,,Justina KITCHEN,,Formula Kite Fem.,20.0,G,24,,218.0,152.0,World Championship 2023
739,,,Lysa CAVAL,,Formula Kite Fem.,15.0,G,22,,195.0,130.0,World Championship 2023
740,,,Breiana WHITEHEAD,,Formula Kite Fem.,3.0,G,11,,145.0,95.0,World Championship 2023
741,,,Sofia TOMASONI,,Formula Kite Fem.,18.0,G,19,,195.6,121.6,World Championship 2023
742,,,Leonie MEYER,,Formula Kite Fem.,26.0,G,14,,158.0,106.0,World Championship 2023
743,,,Julia DAMASIEWICZ,,Formula Kite Fem.,11.0,G,21,,207.0,130.0,World Championship 2023
744,,,Daniela MOROZ,,Formula Kite Fem.,1.0,G,5,,118.0,52.0,World Championship 2023
745,,,Lily YOUNG,,Formula Kite Fem.,9.0,G,3,,133.0,49.0,World Championship 2023
746,,,Lauriane NOLOT,,Formula Kite Fem.,4.0,G,1,,57.0,18.0,World Championship 2023
747,,,Maggie Eillen PESCETTO,,Formula Kite Fem.,26.0,G,15,,163.0,115.0,World Championship 2023
748,,,Magdalena WOYCIECHOWSKA,,Formula Kite Fem.,22.0,G,20,,168.0,122.0,World Championship 2023
749,,,Eleanor ALDRIDGE,,Formula Kite Fem.,2.0,G,2,,72.0,24.0,World Championship 2023
750,,,Poema NEWLAND,,Formula Kite Fem.,8.0,G,8,,170.0,86.0,World Championship 2023
751,,,Gisela PULIDO BORRELL,,Formula Kite Fem.,19.0,G,16,,200.0,116.0,World Championship 2023
752,,,Annelous LAMMERTS,,Formula Kite Fem.,5.0,G,6,,130.0,63.0,World Championship 2023
753,,,Alexia FANCELLI,,Formula Kite Fem.,26.0,G,18,,170.0,120.0,World Championship 2023
754,,,CHEN Jingyue,,Formula Kite Fem.,12.0,G,7,,140.0,79.0,World Championship 2023
755,,,Alina KORNELLI,,Formula Kite Fem.,6.0,G,17,,170.0,116.0,World Championship 2023
756,,,Gal ZUKERMAN,,Formula Kite Fem.,7.0,G,13,,159.1,102.1,World Championship 2023
757,,,Elena LENGWILER,,Formula Kite Fem.,17.0,G,23,,217.0,145.0,World Championship 2023
758,,,Katie DABSON,,Formula Kite Fem.,13.0,G,4,,137.0,61.0,World Championship 2023
759,,,LI Wan,,Formula Kite Fem.,14.0,G,10,,147.0,91.0,World Championship 2023
760,,,Maya ASHKENAZI,,Formula Kite Fem.,21.0,G,12,,142.0,98.0,World Championship 2023
761,,,Zoe BOUTANG,,Formula Kite Fem.,19.0,G,39,,271.0,202.0,World Championship 2023
762,,,Noora RUSKOLA,,Formula Kite Fem.,13.0,G,31,,191.0,139.0,World Championship 2023
763,,,Leonie MEYER,,Formula Kite Fem.,6.0,G,14,,158.0,106.0,World Championship 2023
764,,,Monika ZIZLAVSKA,,Formula Kite Fem.,20.0,G,48,,389.0,304.0,World Championship 2023
765,,,Lizeth LOAIZA,,Formula Kite Fem.,17.0,G,42,,308.0,230.0,World Championship 2023
766,,,Marija DOLENC,,Formula Kite Fem.,28.0,G,47,,360.0,276.0,World Championship 2023
767,,,Daniela MOROZ,,Formula Kite Fem.,28.0,G,5,,118.0,52.0,World Championship 2023
768,,,Gisela PULIDO BORRELL,,Formula Kite Fem.,2.0,G,16,,200.0,116.0,World Championship 2023
769,,,Julia DAMASIEWICZ,,Formula Kite Fem.,15.0,G,21,,207.0,130.0,World Championship 2023
770,,,Aija AMBRASA,,Formula Kite Fem.,22.0,G,49,,394.0,310.0,World Championship 2023
771,,,Nina ARCISZ,,Formula Kite Fem.,11.0,G,29,,161.0,119.0,World Championship 2023
772,,,Derin Deniz SORGUC,,Formula Kite Fem.,16.0,G,36,,250.0,176.0,World Championship 2023
773,,,Sofia TOMASONI,,Formula Kite Fem.,7.0,G,19,,195.6,121.6,World Championship 2023
774,,,Izabela SATRJAN,,Formula Kite Fem.,10.0,G,27,,170.0,111.0,World Championship 2023
775,,,Maggie Eillen PESCETTO,,Formula Kite Fem.,8.0,G,15,,163.0,115.0,World Championship 2023
776,,,Emily BUGEJA,,Formula Kite Fem.,28.0,G,46,,355.0,271.0,World Championship 2023
777,,,Breiana WHITEHEAD,,Formula Kite Fem.,4.0,G,11,,145.0,95.0,World Championship 2023
778,,,Maria ASHIDA,,Formula Kite Fem.,21.0,G,52,,445.0,360.0,World Championship 2023
779,,,LEE Youngeun,,Formula Kite Fem.,18.0,G,43,,299.0,235.0,World Championship 2023
780,,,Justina KITCHEN,,Formula Kite Fem.,9.0,G,24,,218.0,152.0,World Championship 2023
781,,,Mareike WEBER,,Formula Kite Fem.,28.0,G,53,,452.0,367.0,World Championship 2023
782,,,Gal ZUKERMAN,,Formula Kite Fem.,12.0,G,13,,159.1,102.1,World Championship 2023
783,,,Mafalda PIRES de LIMA,,Formula Kite Fem.,14.0,G,33,,219.0,158.0,World Championship 2023
784,,,Lauriane NOLOT,,Formula Kite Fem.,1.0,G,1,,57.0,18.0,World Championship 2023
785,,,Elena LENGWILER,,Formula Kite Fem.,28.0,G,23,,217.0,145.0,World Championship 2023
786,,,Katie DABSON,,Formula Kite Fem.,5.0,G,4,,137.0,61.0,World Championship 2023
787,,,Annelous LAMMERTS,,Formula Kite Fem.,3.0,G,6,,130.0,63.0,World Championship 2023
788,,,Eleanor ALDRIDGE,,Formula Kite Fem.,2.0,O,2,,72.0,24.0,World Championship 2023
789,,,Lily YOUNG,,Formula Kite Fem.,3.0,O,3,,133.0,49.0,World Championship 2023
790,,,Katie DABSON,,Formula Kite Fem.,4.0,O,4,,137.0,61.0,World Championship 2023
791,,,Lauriane NOLOT,,Formula Kite Fem.,0.0,O,1,,57.0,18.0,World Championship 2023
792,,,Noora RUSKOLA,,Formula Kite Fem.,16.0,G,31,,191.0,139.0,World Championship 2023
793,,,Dominika BRAUNOVA,,Formula Kite Fem.,19.0,G,40,,273.0,211.0,World Championship 2023
794,,,Gisela PULIDO BORRELL,,Formula Kite Fem.,6.0,G,16,,200.0,116.0,World Championship 2023
795,,,Mafalda PIRES de LIMA,,Formula Kite Fem.,15.0,G,33,,219.0,158.0,World Championship 2023
796,,,Derin Deniz SORGUC,,Formula Kite Fem.,18.0,G,36,,250.0,176.0,World Championship 2023
797,,,LI Wan,,Formula Kite Fem.,7.0,G,10,,147.0,91.0,World Championship 2023
798,,,Lysa CAVAL,,Formula Kite Fem.,4.0,G,22,,195.0,130.0,World Championship 2023
799,,,Maggie Eillen PESCETTO,,Formula Kite Fem.,11.0,G,15,,163.0,115.0,World Championship 2023
800,,,KAJIWARA Saki,,Formula Kite Fem.,28.0,G,51,,443.0,358.0,World Championship 2023
801,,,Karolina LARSSON,,Formula Kite Fem.,22.0,G,41,,305.0,230.0,World Championship 2023
802,,,Breiana WHITEHEAD,,Formula Kite Fem.,10.0,G,11,,145.0,95.0,World Championship 2023
803,,,Monika ZIZLAVSKA,,Formula Kite Fem.,25.0,G,48,,389.0,304.0,World Championship 2023
804,,,Leonie MEYER,,Formula Kite Fem.,1.0,G,14,,158.0,106.0,World Championship 2023
805,,,LEE Youngeun,,Formula Kite Fem.,21.0,G,43,,299.0,235.0,World Championship 2023
806,,,Aija AMBRASA,,Formula Kite Fem.,23.0,G,49,,394.0,310.0,World Championship 2023
807,,,Eleanor ALDRIDGE,,Formula Kite Fem.,2.0,G,2,,72.0,24.0,World Championship 2023
808,,,Sofia TOMASONI,,Formula Kite Fem.,9.0,G,19,,195.6,121.6,World Championship 2023
809,,,Katie DABSON,,Formula Kite Fem.,3.0,G,4,,137.0,61.0,World Championship 2023
810,,,Maria Do Socorro VASCONCELOS REIS,,Formula Kite Fem.,17.0,G,34,,254.0,170.0,World Championship 2023
811,,,Heloise PEGOURIE,,Formula Kite Fem.,14.0,G,25,,236.0,152.0,World Championship 2023
812,,,Marie-Eve MAYRAND,,Formula Kite Fem.,24.0,G,45,,334.0,253.0,World Championship 2023
813,,,CHEN Jingyue,,Formula Kite Fem.,12.0,G,7,,140.0,79.0,World Championship 2023
814,,,Elena LENGWILER,,Formula Kite Fem.,8.0,G,23,,217.0,145.0,World Championship 2023
815,,,Gal ZUKERMAN,,Formula Kite Fem.,5.0,G,13,,159.1,102.1,World Championship 2023
816,,,Benyapa JANTAWAN,,Formula Kite Fem.,20.0,G,38,,268.0,201.0,World Championship 2023
817,,,Alina KORNELLI,,Formula Kite Fem.,13.0,G,17,,170.0,116.0,World Championship 2023
818,,,KAJIWARA Saki,,Formula Kite Fem.,24.0,G,51,,443.0,358.0,World Championship 2023
819,,,Mareike WEBER,,Formula Kite Fem.,29.0,G,53,,452.0,367.0,World Championship 2023
820,,,Marie-Eve MAYRAND,,Formula Kite Fem.,18.0,G,45,,334.0,253.0,World Championship 2023
821,,,Maria ASHIDA,,Formula Kite Fem.,29.0,G,52,,445.0,360.0,World Championship 2023
822,,,Emily BUGEJA,,Formula Kite Fem.,21.0,G,46,,355.0,271.0,World Championship 2023
823,,,Mariska WILDENBERG,,Formula Kite Fem.,12.0,G,37,,278.0,194.0,World Championship 2023
824,,,Lizeth LOAIZA,,Formula Kite Fem.,20.0,G,42,,308.0,230.0,World Championship 2023
825,,,LEE Youngeun,,Formula Kite Fem.,19.0,G,43,,299.0,235.0,World Championship 2023
826,,,Izabela SATRJAN,,Formula Kite Fem.,3.0,G,27,,170.0,111.0,World Championship 2023
827,,,Benyapa JANTAWAN,,Formula Kite Fem.,14.0,G,38,,268.0,201.0,World Championship 2023
828,,,Derin Deniz SORGUC,,Formula Kite Fem.,9.0,G,36,,250.0,176.0,World Championship 2023
829,,,Nina ARCISZ,,Formula Kite Fem.,4.0,G,29,,161.0,119.0,World Championship 2023
830,,,Aija AMBRASA,,Formula Kite Fem.,23.0,G,49,,394.0,310.0,World Championship 2023
831,,,Mafalda PIRES de LIMA,,Formula Kite Fem.,11.0,G,33,,219.0,158.0,World Championship 2023
832,,,Chloe REVIL,,Formula Kite Fem.,2.0,G,28,,185.0,114.0,World Championship 2023
833,,,Maria Catalina TURIENZO,,Formula Kite Fem.,6.0,G,32,,214.0,139.0,World Championship 2023
834,,,Dominika BRAUNOVA,,Formula Kite Fem.,15.0,G,40,,273.0,211.0,World Championship 2023
835,,,Derin ATAKAN,,Formula Kite Fem.,8.0,G,30,,217.0,133.0,World Championship 2023
836,,,Karolina LARSSON,,Formula Kite Fem.,17.0,G,41,,305.0,230.0,World Championship 2023
837,,,Maria Do Socorro VASCONCELOS REIS,,Formula Kite Fem.,7.0,G,34,,254.0,170.0,World Championship 2023
838,,,Marija DOLENC,,Formula Kite Fem.,22.0,G,47,,360.0,276.0,World Championship 2023
839,,,WANG Si,,Formula Kite Fem.,1.0,G,26,,175.0,103.0,World Championship 2023
840,,,Julie PATURAU,,Formula Kite Fem.,16.0,G,44,,329.0,245.0,World Championship 2023
841,,,Anais Mai DESJARDINS,,Formula Kite Fem.,10.0,G,35,,239.0,172.0,World Championship 2023
842,,,Noora RUSKOLA,,Formula Kite Fem.,5.0,G,31,,191.0,139.0,World Championship 2023
843,,,Zoe BOUTANG,,Formula Kite Fem.,13.0,G,39,,271.0,202.0,World Championship 2023
844,,,Monika ZIZLAVSKA,,Formula Kite Fem.,29.0,G,48,,389.0,304.0,World Championship 2023
845,,,Nataliya LESHKO,,Formula Kite Fem.,29.0,G,50,,412.0,327.0,World Championship 2023
846,,,Elena LENGWILER,,Formula Kite Fem.,12.0,G,23,,217.0,145.0,World Championship 2023
847,,,Leonie MEYER,,Formula Kite Fem.,1.0,G,14,,158.0,106.0,World Championship 2023
848,,,Dominika BRAUNOVA,,Formula Kite Fem.,20.0,G,40,,273.0,211.0,World Championship 2023
849,,,Gisela PULIDO BORRELL,,Formula Kite Fem.,11.0,G,16,,200.0,116.0,World Championship 2023
850,,,CHEN Jingyue,,Formula Kite Fem.,5.0,G,7,,140.0,79.0,World Championship 2023
851,,,Aija AMBRASA,,Formula Kite Fem.,24.0,G,49,,394.0,310.0,World Championship 2023
852,,,Derin Deniz SORGUC,,Formula Kite Fem.,16.0,G,36,,250.0,176.0,World Championship 2023
853,,,Heloise PEGOURIE,,Formula Kite Fem.,7.0,G,25,,236.0,152.0,World Championship 2023
854,,,Maggie Eillen PESCETTO,,Formula Kite Fem.,9.0,G,15,,163.0,115.0,World Championship 2023
855,,,Maria Do Socorro VASCONCELOS REIS,,Formula Kite Fem.,15.0,G,34,,254.0,170.0,World Championship 2023
856,,,Karolina LARSSON,,Formula Kite Fem.,25.0,G,41,,305.0,230.0,World Championship 2023
857,,,LEE Youngeun,,Formula Kite Fem.,22.0,G,43,,299.0,235.0,World Championship 2023
858,,,Monika ZIZLAVSKA,,Formula Kite Fem.,23.0,G,48,,389.0,304.0,World Championship 2023
859,,,Katie DABSON,,Formula Kite Fem.,3.0,G,4,,137.0,61.0,World Championship 2023
860,,,Mafalda PIRES de LIMA,,Formula Kite Fem.,14.0,G,33,,219.0,158.0,World Championship 2023
861,,,Lysa CAVAL,,Formula Kite Fem.,8.0,G,22,,195.0,130.0,World Championship 2023
862,,,Benyapa JANTAWAN,,Formula Kite Fem.,17.0,G,38,,268.0,201.0,World Championship 2023
863,,,KAJIWARA Saki,,Formula Kite Fem.,28.0,G,51,,443.0,358.0,World Championship 2023
864,,,Noora RUSKOLA,,Formula Kite Fem.,19.0,G,31,,191.0,139.0,World Championship 2023
865,,,LI Wan,,Formula Kite Fem.,4.0,G,10,,147.0,91.0,World Championship 2023
866,,,Gal ZUKERMAN,,Formula Kite Fem.,13.0,G,13,,159.1,102.1,World Championship 2023
867,,,Eleanor ALDRIDGE,,Formula Kite Fem.,2.0,G,2,,72.0,24.0,World Championship 2023
868,,,Sofia TOMASONI,,Formula Kite Fem.,6.0,G,19,,195.6,121.6,World Championship 2023
869,,,Alina KORNELLI,,Formula Kite Fem.,18.0,G,17,,170.0,116.0,World Championship 2023
870,,,Breiana WHITEHEAD,,Formula Kite Fem.,10.0,G,11,,145.0,95.0,World Championship 2023
871,,,Marie-Eve MAYRAND,,Formula Kite Fem.,21.0,G,45,,334.0,253.0,World Championship 2023
